Category,Name,UnitPrice,OptionName,OptionPrice,OptionOrdinal
피자,피자 M,0,더블치즈,22500,0
피자,피자 M,0,베지테리언,22500,1
피자,피자 M,0,콰트로치즈,24500,2
피자,피자 M,0,투머치페퍼로니,24500,3
피자,피자 M,0,딥베이컨체다,24500,4
피자,피자 M,0,슈퍼콤비,24500,5
피자,피자 M,0,감자농장,25500,6
피자,피자 M,0,불난감자농장,26500,7
피자,피자 M,0,트러플해쉬브라운,25500,8
피자,피자 M,0,그릴드콘치즈,25500,9
피자,피자 M,0,통파인애플베이컨,25500,10
피자,피자 M,0,달달고구마,25500,11
피자,피자 M,0,직화불고기,26500,12
피자,피자 M,0,트러플머쉬룸불고기,26500,13
피자,피자 M,0,갈릭풀드포크,26500,14
피자,피자 M,0,훈제삼겹파티,27500,15
피자,피자 M,0,불고기타코,27500,16
피자,피자 M,0,바질토마토마스카포네,27500,17
피자,피자 M,0,맘모스새우,29500,18
피자,피자 L,0,더블치즈,24900,0
피자,피자 L,0,베지테리언,24900,1
피자,피자 L,0,콰트로치즈,26900,2
피자,피자 L,0,투머치페퍼로니,26900,3
피자,피자 L,0,스파이시페퍼로니,27900,4
피자,피자 L,0,딥베이컨체다,26900,5
피자,피자 L,0,슈퍼콤비,26900,6
피자,피자 L,0,감자농장,27900,7
피자,피자 L,0,불난감자농장,28900,8
피자,피자 L,0,트러플해쉬브라운,27900,9
피자,피자 L,0,구운콘치즈,27900,10
피자,피자 L,0,통파인애플베이컨,27900,11
피자,피자 L,0,달달고구마,27900,12
피자,피자 L,0,직화불고기,28900,13
피자,피자 L,0,트러플머쉬룸불고기,28900,14
피자,피자 L,0,갈릭풀드포크,28900,15
피자,피자 L,0,훈제삼겹파티,29900,16
피자,피자 L,0,불고기타코,29900,17
피자,피자 L,0,바질토마토마스카포네,29900,18
피자,피자 L,0,맘모스새우,31900,19
반반피자,반반피자M,24900,더블치즈,0,0
반반피자,반반피자M,24900,베지테리언,0,1
반반피자,반반피자M,24900,콰트로치즈,1000,2
반반피자,반반피자M,24900,투머치페퍼로니,1000,3
반반피자,반반피자M,24900,딥베이컨체다,1000,4
반반피자,반반피자M,24900,슈퍼콤비,1000,5
반반피자,반반피자M,24900,스파이시페퍼로니,1500,6
반반피자,반반피자M,24900,감자농장,1500,7
반반피자,반반피자M,24900,트러플해쉬브라운,1500,8
반반피자,반반피자M,24900,구운콘치즈,1500,9
반반피자,반반피자M,24900,통파인애플베이컨,1500,10
반반피자,반반피자M,24900,달달고구마,1500,11
반반피자,반반피자M,24900,직화불고기,2000,12
반반피자,반반피자M,24900,더블포테이토크럼블,2000,13
반반피자,반반피자M,24900,갈릭풀드포크,2000,14
반반피자,반반피자M,24900,불고기타코,2500,15
반반피자,반반피자M,24900,훈제삼겹파티,2500,16
반반피자,반반피자M,24900,바질토마토마스카포네,2500,17
반반피자,반반피자M,24900,맘모스새우,4000,18
반반피자,반반피자M,24900,불난감자농장,2000,19
반반피자,반반피자M,24900,트러플머쉬룸불고기,2000,20
반반피자,반반피자L,27400,더블치즈,0,0
반반피자,반반피자L,27400,베지테리언,0,1
반반피자,반반피자L,27400,콰트로치즈,1000,2
반반피자,반반피자L,27400,투머치페퍼로니,1000,3
반반피자,반반피자L,27400,딥베이컨체다,1000,4
반반피자,반반피자L,27400,슈퍼콤비,1000,5
반반피자,반반피자L,27400,스파이시페퍼로니,1500,6
반반피자,반반피자L,27400,감자농장,1500,7
반반피자,반반피자L,27400,트러플해쉬브라운,1500,8
반반피자,반반피자L,27400,구운콘치즈,1500,9
반반피자,반반피자L,27400,통파인애플베이컨,1500,10
반반피자,반반피자L,27400,달달고구마,1500,11
반반피자,반반피자L,27400,불난감자농장,2000,12
반반피자,반반피자L,27400,직화불고기,2000,13
반반피자,반반피자L,27400,트러플머쉬룸불고기,2000,14
반반피자,반반피자L,27400,갈릭풀드포크,2000,15
반반피자,반반피자L,27400,바질토마토마스카포네,2500,16
반반피자,반반피자L,27400,불고기타코,2500,17
반반피자,반반피자L,27400,훈제삼겹파티,2500,18
반반피자,반반피자L,27400,맘모스새우,4000,19
크러스트추가,노엣지,500,,,
크러스트추가,치즈크러스트,3500,,,
크러스트추가,고구마크러스트,3500,,,
크러스트추가,크림치즈크러스트,3500,,,
크러스트추가,빵 위에 고구마링,3000,,,
크러스트추가,빵 위에 크림치즈링,3500,,,
크러스트추가,체다골드크러스트,4500,,,
세트,사이드세트,26900,,,
세트,반반한사이드세트,29400,,,
세트,두판세트,43900,M+M,0,0
세트,두판세트,43900,L+L,4800,1
세트,.,0,,,
세트,..,0,,,
세트,...,0,,,
세트,....,0,,,
세트,......,0,,,
세트,피자사이즈 선택,0,M,0,0
세트,피자사이즈 선택,0,L,2500,1
세트,피자사이즈 선택,0,반반피자 L,2400,2
세트,피자한판선택,0,더블치즈,0,0
세트,피자한판선택,0,베지테리언,0,1
세트,피자한판선택,0,콰트로치즈,2000,2
세트,피자한판선택,0,투머치페퍼로니,2000,3
세트,피자한판선택,0,딥베이컨체다,2000,4
세트,피자한판선택,0,슈퍼콤비,2000,5
세트,피자한판선택,0,감자농장,3000,6
세트,피자한판선택,0,구운콘치즈,3000,7
세트,피자한판선택,0,통파인애플베이컨,3000,8
세트,피자한판선택,0,달달고구마,3000,9
세트,피자한판선택,0,직화불고기,4000,10
세트,피자한판선택,0,갈릭풀드포크,4000,11
세트,피자한판선택,0,불고기타코,5000,12
세트,피자한판선택,0,트러플해쉬브라운,5000,13
세트,피자한판선택,0,훈제삼겹파티,5000,14
세트,피자한판선택,0,바질토마토마스카포네,5000,15
세트,피자한판선택,0,맘모스새우,8000,16
세트,피자한판선택,0,불난감자농장,4000,17
세트,피자한판선택,0,트러플머쉬룸불고기,4000,18
세트,반반피자선택,0,더블치즈,0,0
세트,반반피자선택,0,베지테리언,0,1
세트,반반피자선택,0,콰트로치즈,1000,2
세트,반반피자선택,0,투머치페퍼로니,1000,3
세트,반반피자선택,0,딥베이컨체다,1000,4
세트,반반피자선택,0,슈퍼콤비,1000,5
세트,반반피자선택,0,감자농장,1500,6
세트,반반피자선택,0,구운콘치즈,1500,7
세트,반반피자선택,0,통파인애플베이컨,1500,8
세트,반반피자선택,0,달달고구마,1500,9
세트,반반피자선택,0,직화불고기,2000,10
세트,반반피자선택,0,갈릭풀드포크,2000,11
세트,반반피자선택,0,불고기타코,2500,12
세트,반반피자선택,0,트러플해쉬브라운,2500,13
세트,반반피자선택,0,훈제삼겹파티,2500,14
세트,반반피자선택,0,바질토마토마스카포네,2500,15
세트,반반피자선택,0,맘모스새우,4000,16
세트,반반피자선택,0,트러플머쉬룸불고기,2000,17
세트,반반피자선택,0,불난감자농장,2000,18
세트,.......,0,,,
세트,음료선택,0,코카콜라 500ml,0,0
세트,음료선택,0,코카콜라 1.25L,1000,1
세트,음료선택,0,스프라이트 500ml,0,2
세트,음료선택,0,스프라이트 1.5L,1000,3
세트,음료선택,0,제로콜라 500ml,0,4
세트,음료선택,0,제로콜라 1.25L,1000,5
세트,사이드선택,0,어니언링 8개,0,0
세트,사이드선택,0,마일드점보닭다리,0,1
세트,사이드선택,0,매콤점보닭다리,0,2
세트,사이드선택,0,양념감자(어니언맛),500,3
세트,사이드선택,0,양념감자(치즈맛),500,4
세트,사이드선택,0,양념감자(매콤핫치즈맛),500,5
세트,사이드선택,0,해쉬브라운 4개,500,6
세트,사이드선택,0,치즈스틱 5개,500,7
세트,사이드선택,0,새우링 6개,1500,8
세트,사이드선택,0,치킨텐더 6개,2500,9
세트,사이드선택,0,핫봉 6개,2500,10
세트,사이드선택,0,핫윙 6개,3500,11
세트,사이드선택,0,치즈오븐스파게티,3500,12
세트,사이드선택,0,잠봉크림스파게티,4500,13
사이드,어니언링 8개,3500,,,
사이드,바삭점보닭다리 1개,3500,,,
사이드,바삭점보닭다리 3개,10000,,,
사이드,매콤점보닭다리 1개,3500,,,
사이드,매콤점보닭다리 3개,10000,,,
사이드,양념감자,4000,어니언맛,0,0
사이드,양념감자,4000,치즈맛,0,1
사이드,양념감자,4000,매콤핫치즈맛,0,2
사이드,해쉬브라운 2개,2500,,,
사이드,해쉬브라운 4개,4000,,,
사이드,치즈스틱 5개,4000,,,
사이드,새우링 6개,4000,,,
사이드,핫봉 4개,4500,,,
사이드,핫봉 7개,8000,,,
사이드,핫윙 4개,4500,,,
사이드,핫윙 7개,8000,,,
사이드,치킨텐더 4개,4000,,,
사이드,치킨텐더 7개,6500,,,
사이드,가라아게 4개,3000,,,
사이드,가라아게 7개,5500,,,
사이드,치즈오븐스파게티,7000,,,
사이드,치즈오븐스파게티 2개,12000,,,
사이드,베이컨크림스파게티,8000,,,
사이드,베이컨크림스파게티 2개,14000,,,
사이드,바질뇨끼크림스파게티,8000,,,
사이드,바질뇨끼크림스파게티 2개,14000,,,
음료&소스,코카콜라 500ml,1900,,,
음료&소스,코카콜라 1.25L,2900,,,
음료&소스,스프라이트 500ml,1900,,,
음료&소스,스프라이트 1.5L,2900,,,
음료&소스,제로콜라 500ml,1900,,,
음료&소스,제로콜라 1.25L,2900,,,
음료&소스,.,0,,,
음료&소스,..,0,,,
음료&소스,핫소스,100,,,
음료&소스,파마산,200,,,
음료&소스,갈릭디핑,400,,,
음료&소스,피클,500,,,
음료&소스,렌치갈릭,500,,,
음료&소스,치폴레,500,,,
음료&소스,버터갈릭,500,,,
토핑추가,치즈추가,3000,,,
토핑추가,파인애플추가,2000,,,
토핑추가,치즈폭탄(2배),5500,,,
토핑추가,바질치즈추가,3500,,,
토핑추가,할라피뇨추가,1000,,,
토핑추가,옥수수추가,1000,,,
토핑추가,올리브추가,1000,,,
토핑추가,페퍼로니추가,2000,,,
토핑추가,왕베이컨추가,2000,,,
토핑추가,웨지감자추가,2000,,,
토핑추가,양파추가,1000,,,
토핑추가,피망추가,1000,,,
토핑추가,버섯추가,1000,,,
배달비,배달비,1000,,,
NEW 세트,사이드세트 M,24300,더블치즈,0,0
NEW 세트,사이드세트 M,24300,콰트로치즈,2000,1
NEW 세트,사이드세트 M,24300,딥베이컨체다,2000,2
NEW 세트,사이드세트 M,24300,투머치페퍼로니,2000,3
NEW 세트,사이드세트 M,24300,슈퍼콤비네이션,2000,4
NEW 세트,사이드세트 M,24300,베이컨포테이토,3000,5
NEW 세트,사이드세트 M,24300,그릴드콘치즈,3000,6
NEW 세트,사이드세트 M,24300,통파인애플베이컨,3000,7
