일시,채널,작성자,상호,사업자번호,카테고리 이모지,담당자,1차부재,2차부재,중복,잘못올린글,착수까지(분),마감까지(분),요청내용,찍힌 이모지 전체
2026-09-01 00:15,원격 AS요청,,루크아카데미학원,8139500362,,,,,,O,,,포프(PC) + 유프 온보딩 요청드립니다,x
2026-09-01 00:30,원격 AS요청,,옻칠리어 (Ottchilior),3421001877,,,,,,O,,,포프(휴대폰) 온보딩 요청드립니다. / 동일 와이파이 연결했지만 연동 실패,x
2026-09-01 00:45,원격 AS요청,,로바(LOVA),7471502912,,,,,,O,,,포프(노트북) 온보딩요청드립니다,x
2026-09-01 09:30,원격 AS요청,김규리,팬텀튜닝,2105400255,AS,김동욱,,,,,,,금액 입력 결제 모드 설정 방법 안내 부탁드립니다. / 메뉴 등록했는데 금액 입력 결제 모드에서 보이지 않는다고 하십니다.,동욱_확인 원격동욱 원격as 원격솔라피발송
2026-09-01 09:30,원격 AS요청,최승훈,슈아브헤어,3053263008,AS,배선유,,,,,,,포프(휴대폰) + 유프 온보딩요청드립니다,선유_확인 원격선유 원격as
2026-09-01 09:45,원격 AS요청,최승훈,익스트림 컴뱃,7329400241,AS,심성현,,,,,,,포프(PC) + 유프 온보딩 요청드립니다,성현_확인 원격성현 원격as
2026-09-01 10:00,원격 AS요청,김규리,메타스쿨에듀,8395100434,AS,배선유,O,,,,10.2,55.1,"다른 기기 온보딩, 키오스크 모드 안내 요청드립니다. / <https://w1659946222-hxm266180.slack.com/archives/C09HRUSG4TX/p1786340811613389|이전에 원격 진",선유_확인 1차_부재 원격선유 원격as
2026-09-01 10:15,원격 AS요청,김규리,9월,8750600686,AS,심성현,,,,,6,6,포프 + 유프 온보딩 요청드립니다. / 금액 입력 결제 모드 안내 부탁드립니다.,성현_확인 원격성현 원격as
2026-09-01 10:15,원격 AS요청,김봉수,봉이네왕족발,4436700141,AS,배선유,,,,,,,포스기 사양확인요청,선유_확인 원격선유 원격as
2026-09-01 10:30,원격 AS요청,최승훈,호림유통,4309302220,온보딩,고경림,,,,,,,포프(태블릿) + 유프 온보딩요청드립니다,경림_확인 원격경림 원격온보딩
2026-09-01 10:30,원격 AS요청,김규리,생각꽃지구놀이연구소,5289600817,AS,김동욱,,,,,,,"사용 방법 (결제 방법, 할인 설정 등) 자세하게 안내 부탁드립니다!",동욱_확인 원격동욱 원격as 원격솔라피발송
2026-09-01 10:30,원격 AS요청,최승훈,랑STUDIO,5032027578,AS,심성현,,,,,,,포프(노트북) 온보딩요청드립니다,성현_확인 원격성현 원격as
2026-09-01 10:45,원격 AS요청,최승훈,뮤아크아트칼리지미술학원,1179923019,온보딩,김동욱,,,,,7.7,71.4,포프(pc) 온보딩요청드립니다,동욱_확인 원격동욱 원격온보딩 원격솔라피발송
2026-09-01 10:45,원격 AS요청,최승훈,티씨케이(TCK)아카데미,3014901143,,심성현,,O,,,4.8,,포프(노트북) 온보딩요청드립니다,성현_확인 1차_부재 2차_부재
2026-09-01 11:00,원격 AS요청,최승훈,책나무독서논술학원,5549201985,AS,고경림,,,,,3.9,19.8,포프(휴대폰) + 유프 온보딩요청드립니다,경림_확인 원격경림 원격as
2026-09-01 11:00,원격 AS요청,최승훈,오프랫헤어,7674701295,온보딩,고경림,,,,,1.9,41.9,포프(pc) + 유프 온보딩요청드립니다,경림_확인 원격경림 원격온보딩
2026-09-01 11:00,원격 AS요청,,드쉬,6481600424,AS,김동욱,,,,,1.9,1.9,포프(노트북) + 유프 온보딩 요청드립니다,동욱_확인 원격as 원격동욱
2026-09-01 11:15,원격 AS요청,김봉수,옥산토이월드,7493400828,온보딩,배선유,,,,,3.8,21.9,핸드폰+프론트 온보딩 .,선유_확인 원격선유 원격온보딩
2026-09-01 11:15,원격 AS요청,최승훈,너나들이,1200929982,온보딩,배선유,,,,,3.9,34.3,포프(태블릿) 온보딩요청드립니다,선유_확인 원격선유 원격온보딩
2026-09-01 11:30,원격 AS요청,최승훈,티하우스 수선,2522502086,온보딩,심성현,O,,,,8.4,16.8,포프(태블릿/휴대폰) + 유프 온보딩요청드립니다,성현_확인 1차_부재 원격성현 원격솔라피발송 원격온보딩
2026-09-01 11:45,원격 AS요청,김규리,지아네일,7790401888,AS,송태양,,,,,1.8,1.8,"포프(아이맥, 휴대폰) 온보딩 요청드립니다. / 사용 방법 안내도 부탁드립니다.",태양_확인_ 원격태양 원격as
2026-09-01 12:15,원격 AS요청,,루크아카데미학원,8139500362,AS,김규빈,,,,,9.3,26.9,포프(PC) + 유프 온보딩 요청드립니다,규빈_확인2 원격규빈 원격as
2026-09-01 12:30,원격 AS요청,,옻칠리어 (Ottchilior),3421001877,,심성현,,O,,,,,포프(휴대폰) 온보딩 요청드립니다. / 동일 와이파이 연결했지만 연동 실패,성현_확인 1차_부재 2차_부재
2026-09-01 12:45,원격 AS요청,최승훈,"살롱, 라쁘띠",6021272638,,,,,,,,,포프(노트북) 온보딩요청드립니다,완료완료
2026-09-01 12:45,원격 AS요청,,로바(LOVA),7471502912,온보딩,송태양,,,,,1.9,,포프(노트북) 온보딩요청드립니다,태양_확인_ 원격태양 원격온보딩
2026-09-01 13:00,원격 AS요청,최승훈,이레발달센터,1790901220,AS,고경림,,,,,1.8,9.3,포프(pc) + 유프 온보딩 요청드립니다,경림_확인 원격경림 원격as
2026-09-01 13:00,원격 AS요청,최승훈,그림 놀이터,6819800198,온보딩,김동욱,,,,,1.8,46.8,포프(태블릿) + 유프 온보딩요청드립니다,동욱_확인 원격동욱 원격온보딩 원격솔라피발송
2026-09-01 13:15,원격 AS요청,김규리,주식회사 진초록,7148104119,온보딩,고경림,O,,,,,,"포프(휴대폰, 태블릿) 온보딩 요청드립니다. / 사용방법 안내 부탁드립니다.",경림_확인 1차_부재 원격경림 원격온보딩
2026-09-01 13:45,원격 AS요청,최승훈,휴대폰 성지 옆커폰 풍무역점,4070964678,AS,심성현,,,,,15.8,18.6,포프(pc) 온보딩 요청드립니다,성현_확인 원격성현 원격as
2026-09-01 13:45,원격 AS요청,김봉수,인투유학,5591802242,AS,송태양,O,,,,14.9,39.8,맥북+ 프론트 + 프린터 온보딩,태양_확인_ 1차_부재 원격as 원격태양
2026-09-01 14:00,원격 AS요청,김봉수,스트릿 에딧 서울,8306001078,온보딩,심성현,,,,,6.6,20.8,포프(노트북) 온보딩요청드립니다,성현_확인 원격성현 원격솔라피발송 원격온보딩
2026-09-01 14:00,원격 AS요청,최승훈,씨씨(CC),4055101318,AS,심성현,,,,,6.6,6.6,포프(휴대폰) 온보딩요청드립니다,성현_확인 원격성현 원격as
2026-09-01 14:15,원격 AS요청,,메타스쿨에듀,8395100434,AS,김현기,O,,,,12.9,24.4,"다른 기기 온보딩, 키오스크 모드 안내 요청드립니다. / <https://w1659946222-hxm266180.slack.com/archives/C09HRUSG4TX/p1786340811613389|이전에 원격 진",현기_확인 1차_부재 원격현기 원격as
2026-09-01 14:30,원격 AS요청,김규리,코코,7500204181,AS,김현기,,,,,13.9,18.9,이상한 문구로 영수증 출력 된다고 하십니다. 확인 부탁드립니다. / 포프 (휴대폰) + 유프 자가설치 완료 / 사용 방법 안내도 요청드립니다!,현기_확인 원격현기 원격as
2026-09-01 14:45,원격 AS요청,김봉수,워리킴(WORY KIM),6850203739,AS,최민석,,,,,8.4,11.3,아이폰/노트북 + 프론트+프린터 온보딩요청,민석확인 원격민석 원격as
2026-09-01 14:45,원격 AS요청,,공간인테리어,2075200503,온보딩,심성현,,,,,8.4,16.8,포프 온보딩 요청드립니다. / 고령 / 사용 방법 안내도 부탁드립니다.,성현_확인 원격성현 원격솔라피발송 원격온보딩
2026-09-01 15:00,원격 AS요청,,수금스넥,4324600748,AS,심성현,,,,,,,3개월 전 프로그램 업데이트된 이후부터 싸인패드에 서명 시 인식이 안된 거 같다고 하시어 점검 부탁드립니다.,성현_확인 원격성현 원격as 원격솔라피발송
2026-09-01 15:00,원격 AS요청,,메리차밍,2042789360,온보딩,서상원,,,,,1.8,1.8,포프(태블릿) + 유프 온보딩 요청드립니다,원격상원 원격온보딩
2026-09-01 15:45,원격 AS요청,최승훈,베리윤,4890200473,온보딩,고경림,O,,,,4.9,58.4,포프(노트북) + 유프 온보딩요청드립니다,경림_확인 1차_부재 원격경림 원격온보딩
2026-09-01 15:45,원격 AS요청,,씨씨(CC),4055101318,,김현기,,O,,,1.9,,포프(휴대폰) 온보딩요청드립니다,현기_확인 1차_부재 2차_부재
2026-09-01 16:00,원격 AS요청,,은담네일,2332002232,AS,송태양,,,,,10.6,14.6,유프 (CPP-3000) 소리 설정 적용이 안되어 도움 부탁드립니다.,태양_확인_ 원격태양 원격as
2026-09-01 16:45,원격 AS요청,최승훈,네일지지,7285300647,온보딩,최민석,,,,,6.9,14.4,포프(태블릿) 온보딩요청드립니다,민석확인 원격민석 원격온보딩
2026-09-01 16:45,원격 AS요청,김봉수,엠케이(MK)헤어샵,6073888284,온보딩,고경림,,,,,4.9,31.4,컴퓨터 + 프론트+프린터 온보딩요청 .,경림_확인 원격경림 원격온보딩
2026-09-01 17:00,원격 AS요청,최승훈,디엘(D'EL)뷰티,7911003247,AS,고경림,,,,,16.3,18.2,포프(pc) 온보딩요청드립니다,경림_확인 원격경림 원격as
2026-09-01 17:00,원격 AS요청,,은플러스,2122258811,AS,김현기,,,,,5,6.8,포프(휴대폰) 온보딩요청드립니다,현기_확인 원격현기 원격as
2026-09-01 18:00,원격 AS요청,최승훈,천하,1991002383,AS,송태양,,,,,12.8,23.8,포프(노트북) + 유프 온보딩요청드립니다. 이전에 한번 예약했는데 노트북 고장으로 재예약입니다. 다른 노트북으로 진행해보겠다고합니다,태양_확인_ 원격태양 원격as
2026-09-01 18:00,원격 AS요청,,재주강귤,8037900287,AS,서상원,,,,,12.8,12.8,포프(pc) + 유프 온보딩요청드립니다,원격상원 원격as
2026-09-01 18:00,원격 AS요청,최승훈,오하이오,6810403518,,송태양,,O,,,12.8,,포프(휴대폰) + 유프 온보딩요청드립니다,태양_확인_ 1차_부재 2차_부재
2026-09-01 18:05,원격 AS요청,,은플러스,2122258811,AS,고경림,,,,,11.8,11.8,포프(휴대폰) 온보딩요청드립니다,경림_확인 원격as 원격경림
2026-09-01 18:15,원격 AS요청,최승훈,파도,7721502975,AS,서상원,,,,,1.8,1.8,토프(pc) 온보딩요청드립니다,원격상원 원격as
2026-09-01 19:45,원격 AS요청,,에스바(sbar),4761702654,온보딩,최민석,,,,,19,49.4,포프(휴대폰) 온보딩 도움 요청드립니다. (20시경),민석확인 원격민석 원격온보딩 원격솔라피발송
2026-09-01 21:00,원격 AS요청,최승훈,미타임 스킨앤다이어트,3570104461,온보딩,최민석,,,,,15.8,15.8,포프(태블릿) + 유프 온보딩요청드립니다,민석확인 원격민석 원격온보딩
2026-09-01 21:00,원격 AS요청,,주식회사 아소비,1628103788,온보딩,최민석,,,,,63.7,68.1,포프유(노트북) 온보딩 요청 드립니다!,민석확인 원격민석 원격온보딩
2026-09-01 22:00,원격 AS요청,,지아네일,7790401888,,최민석,,O,,,,,"포프(아이맥, 휴대폰) 온보딩 요청드립니다. / 사용 방법 안내도 부탁드립니다.",민석확인 원격민석 1차_부재 2차_부재
2026-09-02 01:00,원격 AS요청,,"살롱, 라쁘띠",6021272638,,,,,,O,,,노트북+프/ 온보딩 요청드립니다.,x
2026-09-02 02:45,원격 AS요청,김봉수,우리동네사업소,8121002171,,,,,,O,,,갤럭시핸드폰+프론트 온보딩 .,x
2026-09-02 09:30,원격 AS요청,,주식회사 유월컴퍼니,3168130918,AS,심성현,,,,,3.8,17.8,<https://w1659946222-hxm266180.slack.com/archives/C09HRUSG4TX/p1787731136955169|담말기 >수령 후 후 유프 온보딩 요청 주셔서 통화 부탁 드립니다!,성현_확인 원격성현 원격as 원격솔라피발송
2026-09-02 10:00,원격 AS요청,최승훈,폴리 연희,1238551298,AS,배선유,,,,,,,포프(태블릿) + 유프 온보딩요청드립니,선유_확인 원격선유 원격as
2026-09-02 10:00,원격 AS요청,최승훈,소정 예화실 : 그리고 만들다,5442202285,온보딩,고경림,,,,,,,포프(노트북) 온보딩요청드립니다,경림_확인 원격온보딩 원격경림
2026-09-02 10:15,원격 AS요청,최승훈,티씨케이(TCK)아카데미,3014901143,AS,김현기,,,,,,,포프(태블릿) 온보딩요청드립니다,현기_확인 원격as 원격현기
2026-09-02 10:30,원격 AS요청,김규리,네일공주,1662801486,온보딩,고경림,,,,,1.8,280.4,포프(노트북) + 유프 온보딩요청드립니다.,경림_확인 원격경림 원격온보딩
2026-09-02 10:30,원격 AS요청,,티씨케이(TCK)아카데미,3014901143,온보딩,배선유,,,,,,,포프(태블릿) 온보딩요청드립니다,선유_확인 원격선유 원격온보딩
2026-09-02 10:45,원격 AS요청,,유니드 케이크,1683201534,AS,배선유,O,,,,1.8,38.4,포프(포스기) / 기존 포스기 보유 (오케이포스) / 대표님은 없고 매니저가 연락 받을 예정이라고 합니다!,선유_확인 1차_부재 원격선유 원격as
2026-09-02 11:00,원격 AS요청,김규리,아이엠 뷰티헤어,3141640407,온보딩,서상원,,,,,14.8,14.8,포프(휴대폰) + 유프 온보딩 요청드립니다.,원격상원 원격온보딩
2026-09-02 11:00,원격 AS요청,,빠 루앙(pas loin),1892502264,AS,심성현,,,,,9.8,9.8,포프(노트북) + 유프 온보딩 요청드립니다,성현_확인 원격성현 원격as
2026-09-02 11:45,원격 AS요청,최승훈,쁘띠뜨(petite),7536400708,온보딩,심성현,,,,,1.7,26.9,포프(태블릿) + 유프 온보딩요청드립니다,성현_확인 원격성현 원격솔라피발송 원격온보딩
2026-09-02 11:45,원격 AS요청,최승훈,제이 앤 무드(JAY N MOOD),5390703412,온보딩,김현기,,,,,1.7,334.7,포프(태블릿) 온보딩요청드립니다,현기_확인 원격현기 원격온보딩
2026-09-02 11:45,원격 AS요청,,빠 루앙(pas loin),1892502264,온보딩,김규빈,,,,,1.7,13.9,포프(노트북) + 유프 온보딩 요청드립니다,규빈_확인2 원격규빈 원격온보딩
2026-09-02 12:00,원격 AS요청,김규리,디 에이펙스(THE APEX),8233300911,온보딩,김규빈,,,,,11.9,11.9,동일 와이파이 연결했지만 토스 포스에 프론트가 뜨지 않는다고 하십니다. / 최대한 빨리 연락 부탁드립니다. / 휴대폰 온보딩 필요,규빈_확인2 원격규빈 원격온보딩
2026-09-02 12:00,원격 AS요청,,루크아카데미학원,8139500362,온보딩,송태양,,,,,1.8,16.8,포프(PC) + 유프 온보딩 요청드립니다,태양_확인_ 원격태양 원격온보딩 원격솔라피발송
2026-09-02 12:30,원격 AS요청,최승훈,해아헤어,5306300864,온보딩,김규빈,,,,,1.9,1.9,포프(pc) 온보딩요청드립니다,규빈_확인2 원격규빈 원격온보딩
2026-09-02 12:45,원격 AS요청,최승훈,와이비엠잉글루영어보습학원,8969002017,AS,심성현,,,,,,,포프(pc) + 유프 온보딩요청드립니다,성현_확인 원격성현 원격as
2026-09-02 13:00,원격 AS요청,,"살롱, 라쁘띠",6021272638,,,,O,,,8.8,8.8,포프(노트북) 온보딩요청드립니다,1차_부재 2차_부재
2026-09-02 13:00,원격 AS요청,,예봄뷰티,1687500774,온보딩,배선유,,,,,4.8,14.4,프론트 TID 정보불일치로 확인 되어 통화 부탁 드립니다!,선유_확인 원격선유 원격온보딩
2026-09-02 13:00,원격 AS요청,,"살롱, 라쁘띠",6021272638,,배선유,,O,,,8.8,8.8,노트북+프/ 온보딩 요청드립니다.,선유_확인 1차_부재 2차_부재
2026-09-02 13:00,원격 AS요청,최승훈,마음문화공간한땀협동조합,2498103940,AS,김동욱,,,,,4.8,11.4,포프(태블릿) + 유프 온보딩요청드립니다,동욱_확인 원격as 원격동욱
2026-09-02 13:15,원격 AS요청,최승훈,수이쌤영어,8069502042,온보딩,배선유,,,,,11.9,11.9,토프(pc) 온보딩요청드립니다,선유_확인 원격선유 원격온보딩
2026-09-02 13:45,원격 AS요청,김봉수,웍스라운지,3286700901,AS,배선유,O,,,,1.9,76.8,노트북+프론트+프린터 온보딩,선유_확인 1차_부재 원격선유 원격as
2026-09-02 13:45,원격 AS요청,,와이비엠잉글루영어보습학원,8969002017,온보딩,김동욱,,,,,,,포프(pc) + 유프 온보딩요청드립니다,동욱_확인 원격동욱 원격온보딩 원격솔라피발송
2026-09-02 14:00,원격 AS요청,,워리킴(WORY KIM),6850203739,온보딩,배선유,,,,,18.3,37.3,아이폰/노트북 + 프론트+프린터 온보딩요청,선유_확인 원격선유 원격온보딩
2026-09-02 14:00,원격 AS요청,,디엘(D'EL)뷰티,7911003247,온보딩,심성현,,,,,14.3,24.3,포프(pc) 온보딩요청드립니다,성현_확인 원격성현 원격온보딩
2026-09-02 14:00,원격 AS요청,,휴대폰 성지 옆커폰 풍무역점,4070964678,온보딩,김현기,,,,,12.8,31.7,포프(pc) 온보딩 요청드립니다,현기_확인 원격현기 원격온보딩 원격솔라피발송
2026-09-02 14:00,원격 AS요청,,행복한 피아니스트,4639102022,온보딩,송태양,,,,,12.8,18.3,포프(노트북) 온보딩 도움 요청드립니다. (2시-2시30분 사이),태양_확인_ 원격태양 원격온보딩
2026-09-02 14:00,원격 AS요청,,날개심리상담센터,8669402203,온보딩,김동욱,,,,,3.8,24.3,캣프 온보딩 요청 드립니다!,동욱_확인 원격동욱 원격온보딩 원격솔라피발송
2026-09-02 14:15,원격 AS요청,,폴리 연희,1238551298,AS,김동욱,,,,,27.8,27.8,포프(태블릿) + 유프 온보딩요청드립니,동욱_확인 원격동욱 원격as
2026-09-02 14:15,원격 AS요청,최승훈,제이퍼스널스피치,2113703622,온보딩,배선유,,,,,22.4,33.9,포프(노트북) 온보딩요청드립니다,선유_확인 원격온보딩 원격선유
2026-09-02 14:45,원격 AS요청,최승훈,채쌤아카데미,5559701611,,최민석,,O,,,25.4,25.4,포프(노트북) + 유프 온보딩요청드립니다,민석확인 원격민석 1차_부재 2차_부재
2026-09-02 14:45,원격 AS요청,최승훈,담운헤어,4050254350,AS,김현기,,,,,20.9,25.4,포프(노트북) 온보딩요청드립니다,현기_확인 원격현기 원격as
2026-09-02 14:45,원격 AS요청,,우리동네사업소,8121002171,온보딩,고경림,,,,,20.9,58.4,갤럭시핸드폰+프론트 온보딩 .,경림_확인 원격경림 원격온보딩
2026-09-02 15:00,원격 AS요청,최승훈,조이핏 복싱 짐,3129239820,AS,송태양,,,,,23.8,24.8,포프(노트북) 온보딩요청드립니다,태양_확인_ 원격태양 원격as
2026-09-02 15:00,원격 AS요청,,씨씨(CC),4055101318,AS,김현기,,,,,21.8,27.8,포프(휴대폰) 온보딩 도움 요청드립니다. (전일 부재로 재예약),현기_확인 원격현기 원격as
2026-09-02 15:00,원격 AS요청,최승훈,로렌즈잉글리쉬스토리학원,3849000194,온보딩,배선유,,,,,19.2,41.3,포프(태블릿) + 유프 온보딩요청드립니다,선유_확인 원격선유 원격온보딩
2026-09-02 15:00,원격 AS요청,,미토바인주열,2782102440,온보딩,심성현,,,,,13.3,19.2,포프(태블릿) + 유프 온보딩요청드립니다,성현_확인 원격성현 원격온보딩 원격솔라피발송
2026-09-02 15:30,원격 AS요청,최승훈,이음스터디,5629402131,온보딩,최민석,,,,,11.3,20.9,포프(pc) + 유프 온보딩요청드립니다,민석확인 원격민석 원격온보딩
2026-09-02 16:00,원격 AS요청,최승훈,홀썸그로서 (Wholesome grocer),1123990391,온보딩,서상원,,,,,22.1,22.1,포프(노트북) + 유프 온보딩요청드립니다,원격상원 원격온보딩
2026-09-02 16:00,원격 AS요청,최승훈,그루브 댄스 학원,1639701805,온보딩,최민석,,,,,22.2,46.6,포프(태블릿) + 유프 온보딩요청드립니다,민석확인 원격민석 원격온보딩
2026-09-02 16:15,원격 AS요청,김규리,더살롱 아베다,2321100864,온보딩,심성현,,,,,10.9,23.8,포프(PC) + 유프 온보딩 요청드립니다. / 프론트 인식이 되지 않는다고 하십니다. 확인 부탁드립니다.,성현_확인 원격성현 원격솔라피발송 원격온보딩
2026-09-02 16:30,원격 AS요청,최승훈,수제빙수 전문점 팥,3930602580,온보딩,배선유,,,,,10.8,31.9,포프(노트북) + 유프 온보딩요청드립니다,선유_확인 원격선유 원격온보딩
2026-09-02 16:30,원격 AS요청,,랑STUDIO,5032027578,온보딩,고경림,O,,,,9.8,77.3,포프(노트북) 온보딩요청드립니다,경림_확인 1차_부재 원격경림 원격온보딩
2026-09-02 16:30,원격 AS요청,김규리,오늘야장,4123801603,AS,배선유,,,,,9.8,35.4,포프(태블릿) + 유프 온보딩 요청드립니다. / 선은 연결했지만 작동이 되지 않는다고 하십니다. 확인 부탁드립니다!,선유_확인 원격선유 원격as
2026-09-02 16:45,원격 AS요청,김규리,크로스핏 라온2,1135800331,AS,송태양,,,,,1.8,6.8,"옵션 추가 어려워하십니다. 도움 요청드립니다. / 포프(휴대폰, PC) 연결은 완료",태양_확인_ 원격태양 원격as
2026-09-02 17:00,원격 AS요청,,은플러스,2122258811,AS,심성현,,,,,5.3,8.3,포프(휴대폰) 온보딩요청드립니다,성현_확인 원격성현 원격as
2026-09-02 17:30,원격 AS요청,최승훈,달피어싱,4213001713,AS,심성현,,,,,23.8,26.4,포프(휴대폰) 온보딩요청드립니다,성현_확인 원격성현 원격as
2026-09-02 17:45,원격 AS요청,,은플러스,2122258811,온보딩,심성현,,,,,,,포프(휴대폰) 온보딩요청드립니다,성현_확인 원격성현 원격솔라피발송 원격온보딩
2026-09-02 19:00,원격 AS요청,,재주강귤,8037900287,AS,서상원,,,,,,,포프(pc) + 유프 온보딩요청드립니다,원격상원 원격as
2026-09-02 19:45,원격 AS요청,김봉수,J라인네일,5892000549,온보딩,최민석,,,,,1.8,17.8,노트북+프론트,민석확인 원격민석 원격온보딩
2026-09-02 20:00,원격 AS요청,,웍스라운지,3286700901,AS,최민석,,,,,2.8,5.8,노트북+프론트+프린터 온보딩,민석확인 원격민석 원격as
2026-09-02 20:00,원격 AS요청,최승훈,J라인네일,5892000549,,,,,O,,,,포프(휴대폰) 온보딩요청드립니다,중복2
2026-09-02 21:30,원격 AS요청,최승훈,버터(Butter),1673201017,AS,최민석,,,,,22.3,22.3,포프(태블릿) +유프 온보딩요청드립니다,민석확인 원격민석 원격as
2026-09-03 08:45,원격 AS요청,,GDR 골프아카데미 배곧점,5088143517,AS,고경림,,,,,8,24.3,TID변경으로 인한 재온보딩 요청(본점 가맹번호 사용중이었으나 종된 복수가맹 체결로 아이디 분리),경림_확인 원격경림 원격as
2026-09-03 09:00,원격 AS요청,최승훈,천등팜,1199921619,온보딩,심성현,,,,,5.6,21.6,포프(노트북) + 유프 온보딩요청드립니다,성현_확인 원격성현 원격온보딩 원격솔라피발송
2026-09-03 09:00,원격 AS요청,최승훈,빵긋모닝,4552002322,AS,김동욱,,,,,4.1,5.6,토프(노트북) + 유프 온보딩요청드립니다,동욱_확인 원격동욱 원격as
2026-09-03 09:00,원격 AS요청,최승훈,갱랑씨,4960203430,AS,김현기,,,,,4.3,5.8,"포프(기존포스기) + 유프 온보딩요청드립니다, 다른 프린트기로도 연결가능하면 연결해줄 수 있냐고 여쭤보십니다",현기_확인 원격현기 원격as
2026-09-03 09:30,원격 AS요청,최승훈,이수 퀵,4172527248,온보딩,배선유,,,,,,,포프(pc) 온보딩요청드립니다,선유_확인 원격선유 원격온보딩
2026-09-03 10:00,원격 AS요청,최승훈,아주체육관,6129171247,온보딩,심성현,,,,,1.9,88.3,토프(PC) + 유프 온보딩요청드립니다,성현_확인 원격성현 원격온보딩 원격솔라피발송
2026-09-03 10:27,원격 AS요청,,수금스넥,4324600748,AS,심성현,,,,,1.7,33.3,<https://w1659946222-hxm266180.slack.com/archives/C09HRUSG4TX/p1788242407204569|이전에 서명패드 인식이 되지 않아 교체> 받으셨으나 동일하게 지속 서명패,성현_확인 원격성현 원격as
2026-09-03 10:30,원격 AS요청,최승훈,공동법률사무소 온기,1122693103,온보딩,배선유,,,,,4.8,22.3,포프(pc) + 유프 온보딩요청드립니다,선유_확인 원격선유 원격온보딩
2026-09-03 10:40,원격 AS요청,,유니드 케이크,1683201534,AS,김현기,,,,,7.4,12.3,포프(포스기) / 기존 포스기 보유 (오케이포스) / 대표님은 없고 매니저가 연락 받을 예정이라고 합니다!,현기_확인 원격현기 원격as
2026-09-03 11:00,원격 AS요청,최승훈,고요101 스터디카페,3681203376,AS,김동욱,,,,,6.6,10.4,토프(pc) 온보딩요청드립니다,동욱_확인 원격as 원격동욱
2026-09-03 12:45,원격 AS요청,김규리,코라뮤직 스튜디오,6592302245,AS,김현기,,,,,3.8,3.8,동일한 와이파이 (매장 와이파이) 연결하였지만 포프 연결이 자꾸 끊긴다고 합니다. / 포프(휴대폰) + 유프 자가 설치 진행하셔서 확인 부탁드립니다.,현기_확인 원격현기 원격as
2026-09-03 13:00,원격 AS요청,최승훈,내차에반하다 경산점,6073556063,온보딩,서상원,,,,,6.5,6.5,토프(태블릿/휴대폰) + 유프 온보딩요청드립니다. - 태블릿을 오랫동안 사용안해서 잘 될지 모른다고 합니다. 안 될 경우 휴대폰 온보딩 요청하셨습니다.,원격상원 원격온보딩
2026-09-03 13:00,원격 AS요청,,에스엔피이 평생교육시설,2809202235,AS,배선유,,,,,17.1,23.3,*9/3(목) 오후1시* 명의변경으로 인한 다중TID 재온보딩 부탁드립니다.,선유_확인 원격선유 원격as
2026-09-03 13:00,원격 AS요청,,갱랑씨,4960203430,,,,O,,,2.4,2.4,"포프(기존포스기) + 유프 온보딩요청드립니다, 다른 프린트기로도 연결가능하면 연결해줄 수 있냐고 여쭤보십니다",1차_부재 2차_부재
2026-09-03 13:15,원격 AS요청,김규리,코드:유(CODE:U),1651003375,온보딩,서상원,,,,,24.3,24.3,"포프(휴대폰, 아이맥) + 유프 온보딩 요청드립니다. / 사용 방법도 어렵다고 하셔서 도움 부탁 드립니다.",원격상원 원격온보딩
2026-09-03 13:45,원격 AS요청,최승훈,2020 스포츠파크 바르셀로나,7779202253,AS,김동욱,,,,,55.9,58.9,포프(휴대폰) 온보딩요청드립니다,동욱_확인 원격동욱 원격as
2026-09-03 14:00,원격 AS요청,김규리,콰작(QUAZAK),4782502000,AS,김규빈,,,,,32.3,32.3,포프(휴대폰) + 유프 온보딩 요청드립니다. / PC - 프론트는 연결 가능했지만 휴대폰은 프론트 인식이 되지 않음,규빈_확인2 원격규빈 원격as
2026-09-03 14:00,원격 AS요청,최승훈,주식회사 세컨드서브,6538803809,AS,김규빈,,,,,28.4,32.3,포프(휴대폰) + 유프 온보딩요청드립니다,규빈_확인2 원격규빈 원격as
2026-09-03 14:00,원격 AS요청,,유니드 케이크,1683201534,AS,김현기,,,,,,,포프(포스기) / 기존 포스기 보유 (오케이포스) / okpos 사용 불가 등 제반사항 확인 필요 / 대표자 통화 필요 <@U08EC94GYTU>,현기_확인 원격현기 원격as
2026-09-03 14:00,원격 AS요청,최승훈,주식회사 친절콜시스템,2048622240,AS,김동욱,,,,,24.6,34.8,프론트 + 터미널2 온보딩요청드립니다,동욱_확인 원격동욱 원격as
2026-09-03 14:15,원격 AS요청,최승훈,바이쇼룸(byshowroom),2021909986,AS,고경림,,,,,67.8,67.8,포프(노트북) + 유프 온보딩요청드립니다,경림_확인 원격경림 원격as
2026-09-03 14:15,원격 AS요청,김봉수,식쌤 스트레치&PT,7521802496,온보딩,김현기,,,,,62.4,73.3,pc + 프론트,현기_확인 원격현기 원격온보딩
2026-09-03 14:45,원격 AS요청,최승훈,그레이스가든 경산,5669800453,AS,최민석,,,,,37.8,37.8,포프(태블릿) + 유프 온보딩요청드립니,민석확인 원격민석 원격as
2026-09-03 15:00,원격 AS요청,김규리,주식회사 뮤직앤드라마,2418101934,AS,배선유,,,,,32.1,38.3,카드 결제 취소 오류 / 취소 버튼을 누른 후 대기 화면에서 더 이상 진행되지 않는다고 하십니다. 확인 부탁 드립니다.,선유_확인 원격선유 원격as
2026-09-03 15:00,원격 AS요청,최승훈,콜린스 영어,2249666993,AS,고경림,,,,,28.2,76.8,포프(휴대폰) + 유프 온보딩요청드립니다,경림_확인 원격경림 원격as
2026-09-03 15:00,원격 AS요청,최승훈,블럭비즈,1754001390,온보딩,송태양,,,,,22.8,38.4,포프(pc) + 유프 온보딩요청드립니다,태양_확인_ 원격태양 원격온보딩
2026-09-03 15:15,원격 AS요청,김봉수,나눔협동조합,1368207894,온보딩,배선유,,,,,23.4,38.4,핸드폰+프론트 온보딩요청,선유_확인 원격선유 원격온보딩
2026-09-03 15:30,원격 AS요청,최승훈,시바(SHIBA),1041314432,AS,김현기,,,,,28.2,28.2,토프(pc) 온보딩요청드립니다,현기_확인 원격현기 원격as
2026-09-03 15:45,원격 AS요청,김봉수,수성광택,1114329134,온보딩,배선유,,,,,20.7,28.3,노트북 + 프론트 온보딩요청,선유_확인 원격선유 원격온보딩
2026-09-03 15:45,원격 AS요청,김봉수,잇다,3320101790,AS,고경림,,,,,17,17,핸드폰 + 프론트+프린터,경림_확인 원격경림 원격as
2026-09-03 16:00,원격 AS요청,,모범타투,7585600839,온보딩,김기범,,,,,5.6,10.8,프론트에서 결제 불가:키 교환이 필요해요 라고 떠서 통화 요청 드립니다!,기범 원격기범 원격온보딩
2026-09-03 16:00,원격 AS요청,최승훈,뮤엠영어 신원영어교습소,3239102326,온보딩,배선유,O,,,,19.8,66.5,포프(pc) + 유프 온보딩요청드립니다,선유_확인 1차_부재 원격선유 원격온보딩
2026-09-03 16:00,원격 AS요청,최승훈,(HYS) 리듬체조 스튜디오,2410903241,AS,배선유,,,,,13.2,19.9,포프(pc) + 유프 온보딩요청드립니다,선유_확인 원격선유 원격as
2026-09-03 16:15,원격 AS요청,최승훈,시월,3111593529,온보딩,고경림,,,,,12.8,28.7,포프(태블릿) + 유프 온보딩요청드립니다,경림_확인 원격경림 원격온보딩
2026-09-03 16:30,원격 AS요청,최승훈,뷰티진동희 창원,1463800876,,,,O,,,8.4,8.4,"포프(pc) 온보딩요청드립니다. 설치과정은 다 진행했는데, 사용방법을 모르겠다고합니다",2차_부재
2026-09-03 16:45,원격 AS요청,최승훈,테라피힐,4242101286,온보딩,송태양,,,,,7.8,12.4,포프(노트북) 온보딩요청드립니다,태양_확인_ 원격태양 원격온보딩 원격솔라피발송
2026-09-03 16:45,원격 AS요청,최승훈,엠엠에스 AP,1619002643,온보딩,김현기,,,,,1.7,17.4,포프(노트북) + 유프 온보딩요청드립니다,현기_확인 원격현기 원격온보딩
2026-09-03 17:00,원격 AS요청,최승훈,우영집,2051356981,AS,고경림,,,,,2.3,2.3,포프(태블릿) + 유프 온보딩요청드립니다,경림_확인 원격경림 원격as
2026-09-03 17:10,원격 AS요청,,2020 스포츠파크 바르셀로나,7779202253,AS,서상원,,,,,7.7,7.7,포프(휴대폰) 온보딩요청드립니다 / 5시 30분 수업으로 꼭 5시 10분 통화요청입니다!,원격상원 원격as
2026-09-03 17:30,원격 AS요청,,오이시,4591000123,AS,송태양,,,,,20.3,26.3,"키보드 먹통 증상으로 새로운 키보드 교체받으셨는데, 포스기 연결해 입력하면 아무문자가 막 입력되는 증상이 확인되어 영상 보내주셨습니다!",태양_확인_ 원격태양 원격as
2026-09-03 17:30,원격 AS요청,최승훈,작품미용실,2283501706,AS,서상원,,,,,13.8,13.8,토프(노트북) + 유프 온보딩요청드립니다,원격상원 원격as
2026-09-03 17:30,원격 AS요청,,잇다,3320101790,온보딩,서상원,,,,,5.4,5.4,핸드폰 + 프론트+프린터,원격상원 원격온보딩
2026-09-03 18:00,원격 AS요청,최승훈,그리고 만들고,3021053381,온보딩,송태양,,,,,2.8,15.6,포프(노트북) 온보딩요청드립니다,태양_확인_ 원격태양 원격온보딩
2026-09-03 18:15,원격 AS요청,김규리,배움필라테스,1961003141,AS,배선유,,,,,,,포프(휴대폰) 온보딩 요청드립니다. / 사용 방법 어려워하셔서 자세한 안내 부탁 드립니다:루피_감사:,선유_확인 원격선유 원격as
2026-09-03 18:30,원격 AS요청,최승훈,리드인독서논술학원,2039702214,,송태양,,O,,,,,포프(노트북) + 유프 온보딩요청드립니다,태양_확인_ 1차_부재 2차_부재
2026-09-03 19:00,원격 AS요청,,2020 스포츠파크 바르셀로나,7779202253,,송태양,,O,,,17.3,,포프(휴대폰) 온보딩요청드립니다 / 5시 30분 수업으로 꼭 5시 10분 통화요청입니다!,태양_확인_ 1차_부재 2차_부재
2026-09-03 19:30,원격 AS요청,최승훈,프라임마야수학교습소,3019518995,온보딩,최민석,,,,,2.4,26.9,포프(pc) 온보딩요청드립니다,민석확인 원격민석 원격온보딩
2026-09-03 20:30,원격 AS요청,최승훈,제이헤라,1075201158,온보딩,최민석,,,,,24.8,34.5,토프(휴대폰) 온보딩요청드립니다,민석확인 원격민석 원격온보딩 원격솔라피발송
2026-09-03 21:00,원격 AS요청,김봉수,하츠코히(はつコーヒー),3251002376,온보딩,최민석,O,,,,4.4,8.3,태블릿 + 프론트 +프린터,민석확인 원격민석 1차_부재 원격온보딩
2026-09-04 02:00,원격 AS요청,,메리차밍,2042789360,,,,,,O,,,터프 온보딩 요청 드립니다!,x
2026-09-04 09:00,원격 AS요청,최승훈,샤론옷수선,3090294184,AS,심성현,,,,,3.1,3.1,포프(휴대폰) + 유프 온보딩요청드립니다,성현_확인 원격성현 원격as 원격솔라피발송
2026-09-04 09:15,원격 AS요청,최승훈,네일 드 모브,3893001573,AS,고경림,,,,,2.4,5.3,포프(휴대폰) 온보딩요청드립니다,경림_확인 원격경림 원격as
2026-09-04 09:30,원격 AS요청,최승훈,리본뷰티,4597400601,온보딩,고경림,,,,,12,25.5,토프(휴대폰) 온보딩요청드립니,경림_확인 원격경림 원격온보딩
2026-09-04 09:30,원격 AS요청,최승훈,마이온빈,2262918345,AS,배선유,,,,,12,21.4,포프(휴대폰) + 유프 온보딩요청드립니다,선유_확인 원격선유 원격as
2026-09-04 09:45,원격 AS요청,최승훈,주식회사 엠에프씨21,2078157006,,,,,O,,,,포프(pc) 온보딩요청드립니다,중복2
2026-09-04 09:45,원격 AS요청,최승훈,언더파골프,3211702863,온보딩,배선유,,,,,6.4,19.1,포프(태블릿) + 유프 온보딩요청드립니다,선유_확인 원격선유 원격온보딩
2026-09-04 10:00,원격 AS요청,최승훈,스튜디오 이어온,7691003406,온보딩,심성현,,,,,9.2,13.8,포프(pc) 온보딩요청드립니다,성현_확인 원격성현 원격온보딩 원격솔라피발송
2026-09-04 10:00,원격 AS요청,최승훈,커피에반하다 중촌점,1801902285,AS,배선유,,,,,9.2,9.2,포프(pc) + 유프 온보딩요청드립니다,선유_확인 원격선유 원격as
2026-09-04 10:00,원격 AS요청,,네일 드 모브,3893001573,AS,김규빈,,,,,4.1,4.1,포프(휴대폰) 온보딩요청드립니다,규빈_확인2 원격규빈 원격as
2026-09-04 10:00,원격 AS요청,,에스엔피이 평생교육시설,2809202235,명의변경,김동욱,,,,,4.1,,*9/3(목) 오후1시* 명의변경으로 인한 다중TID 재온보딩 부탁드립니다.,동욱_확인 원격동욱 원격명의변경
2026-09-04 10:30,원격 AS요청,최승훈,파티앤스터디 하늘도시점,8688801572,AS,서상원,,,,,17.9,17.9,토프(pc) 온보딩요청드립니다,원격상원 원격as
2026-09-04 10:30,원격 AS요청,김규리,미를그리다피부관리대구본점,1830303109,온보딩,김규빈,,,,,17.9,26.3,포프(휴대폰) 온보딩 요청드립니다. / 사용방법 안내 부탁드립니다.,규빈_확인2 원격규빈 원격온보딩
2026-09-04 10:45,원격 AS요청,김봉수,조용할 권리,1663601725,온보딩,심성현,,,,,17.3,21.3,태블릿+프론트+프린터,성현_확인 원격성현 원격온보딩 원격솔라피발송
2026-09-04 11:30,원격 AS요청,,파티앤스터디 하늘도시점,8688801572,온보딩,송태양,,,,,21.9,25.4,토프(pc) 온보딩요청드립니다,태양_확인_ 원격태양 원격온보딩
2026-09-04 11:30,원격 AS요청,최승훈,디자인스튜디오공공,7401001130,AS,김규빈,,,,,21.9,21.9,포프(노트북) + 유프 온보딩요청드립니다,규빈_확인2 원격규빈 원격as
2026-09-04 11:30,원격 AS요청,최승훈,알리타 유기농죽,7224701119,AS,송태양,,,,,15.9,17.3,"포프(노트북 or 기존포스기) + 유프 온보딩요청드립니다. 매장 구조상 기존포스기에 토스포스설치를 희망하시는데, 메인카운터에는 노트북이 있어서 어디에 설치할지 고민하십니다",태양_확인_ 원격as 원격태양
2026-09-04 12:00,원격 AS요청,최승훈,초하루 헤어,1945300562,AS,송태양,O,,,,2.4,16.3,포프(노트북) 온보딩요청드립니다,태양_확인_ 1차_부재 원격태양 원격as
2026-09-04 12:30,원격 AS요청,최승훈,아이엘피(ILP) 이화영어교습소,8859102620,,심성현,,O,,,6.4,,포프(pc) + 유프 온보딩요청드립니다,성현_확인 1차_부재 2차_부재
2026-09-04 12:30,원격 AS요청,,디자인스튜디오공공,7401001130,온보딩,송태양,,,,,6.4,16.3,포프(노트북) + 유프 온보딩요청드립니다,태양_확인_ 원격태양 원격온보딩
2026-09-04 13:00,원격 AS요청,김규리,작은별농원,2050472640,AS,서상원,,,,,2.5,2.5,포프(휴대폰) 온보딩 요청드립니다. / 고령,원격상원 원격as
2026-09-04 13:15,원격 AS요청,,콜린스 영어,2249666993,AS,고경림,,,,,,,포프(휴대폰) + 유프 온보딩요청드립니다,경림_확인 원격경림 원격as
2026-09-04 13:30,원격 AS요청,,갱랑씨,4960203430,온보딩,김동욱,,,,,5.9,33.3,"포프(기존포스기) + 유프 온보딩요청드립니다, 다른 프린트기로도 연결가능하면 연결해줄 수 있냐고 여쭤보십니다",동욱_확인 원격동욱 원격온보딩 원격솔라피발송
2026-09-04 13:45,원격 AS요청,,콜린스 영어,2249666993,온보딩,서상원,,,,,12.4,12.4,포프(휴대폰) + 유프 온보딩요청드립니다,원격상원 원격온보딩
2026-09-04 14:00,원격 AS요청,최승훈,카공족올데이 매탄점,4342002780,AS,,,,,,55.5,55.5,포프(pc) + 유프 온보딩요청드립니다,봉수 원격as
2026-09-04 14:00,원격 AS요청,김봉수,내츄럴뷰티,2165200356,,심성현,,O,,,12.9,,핸드폰+프론트+프린터 온보딩요청,성현_확인 1차_부재 2차_부재
2026-09-04 14:00,원격 AS요청,,랭클어학원,8759801642,,심성현,,O,,,12.9,,포프(휴대폰) 온보딩 도움 요청드립니다. (14시 이후),성현_확인 1차_부재 2차_부재
2026-09-04 14:00,원격 AS요청,김규리,(주)피넛버터엔터테인먼트,3938503191,AS,심성현,,,,,12.9,12.9,포프(휴대폰) + 유프 온보딩 요청드립니다.,성현_확인 원격성현 원격as
2026-09-04 14:00,원격 AS요청,,메리차밍,2042789360,AS,김동욱,O,,,,,,터프 온보딩 요청 드립니다!,동욱_확인 1차_부재 원격동욱 원격as
2026-09-04 14:00,원격 AS요청,,샤론옷수선,3090294184,AS,심성현,,,,,,,포프(휴대폰) + 유프 온보딩요청드립니다,성현_확인 원격성현 원격as
2026-09-04 14:15,원격 AS요청,,작은별농원,2050472640,AS,송태양,,,,,13.3,16.4,포프(휴대폰) 온보딩 요청드립니다. / 고령,태양_확인_ 원격태양 원격as
2026-09-04 14:15,원격 AS요청,최승훈,탄지신통마라탕,1785900806,온보딩,심성현,,,,,13.4,20.5,토프(노트북) + 유프 온보딩요청드립니다,성현_확인 원격성현 원격온보딩
2026-09-04 14:30,원격 AS요청,최승훈,앤드103,5821400979,온보딩,고경림,,,,,,,포프(휴대폰) + 유프 온보딩요청드립니,경림_확인 원격경림 원격온보딩
2026-09-04 14:45,원격 AS요청,김봉수,카공족올데이 매탄점,4342002780,AS,최민석,O,,,,16.5,16.5,포프(pc) + 유프 온보딩요청드립니다,민석확인 원격민석 1차_부재 원격as
2026-09-04 14:45,원격 AS요청,김봉수,영농조합법인 순수,4168157556,온보딩,심성현,O,,,,16.5,31.6,태블릿+프론트+프린트,성현_확인 1차_부재 원격성현 원격솔라피발송 원격온보딩
2026-09-04 15:00,원격 AS요청,최승훈,공터영어목동프리미엄센터학원,4099984725,AS,서상원,,,,,26.4,26.4,포프(노트북) 온보딩요청드립니다,원격상원 원격as
2026-09-04 15:00,원격 AS요청,최승훈,위캘리그라피아트협회,6141470258,온보딩,고경림,,,,,16.6,26.4,포프(노트북) 온보딩요청드립니다,경림_확인 원격경림 원격온보딩
2026-09-04 15:30,원격 AS요청,최승훈,리본바디케어,6737200111,AS,고경림,,,,,14.6,14.6,포프(휴대폰) 온보딩요청드립니다,경림_확인 원격경림 원격as
2026-09-04 15:30,원격 AS요청,최승훈,누브(NOUVE),5736700743,온보딩,고경림,,,,,14.6,100.9,포프(태블릿) +  유프 온보딩요청드립니다,경림_확인 원격경림 원격온보딩
2026-09-04 16:00,원격 AS요청,,고촌 최고집김밥,6166900665,온보딩,김기범,,,,,10.7,54.5,키오스크 방문 설치건/ 프로그램 원격 지원 요청,alert 기범 원격기범 원격온보딩
2026-09-04 16:00,원격 AS요청,최승훈,한국체대 태결 태권도장,1809802048,AS,배선유,,,,,18.4,21.5,포프(태블릿) 온보딩요청드립니다,선유_확인 원격선유 원격as
2026-09-04 16:30,원격 AS요청,최승훈,라부아뜨 블루(LA BOITE BLEUE),5871402967,AS,심성현,,,,,7.9,66.5,포프(태블릿) + 유프 온보딩요청드립니다,성현_확인 원격성현 원격as 원격솔라피발송
2026-09-04 17:00,원격 AS요청,김규리,구거,7269701528,온보딩,심성현,,,,,10.9,24.9,포프(휴대폰) + 유프 온보딩 요청드립니다. / 동일 와이파이 연결했지만 토스 사장님 어플에서 프론트 인식할 수 없다고 하십니다.,성현_확인 원격성현 원격솔라피발송 원격온보딩
2026-09-04 17:00,원격 AS요청,최승훈,하이풋 본점,4335600298,온보딩,심성현,,,,,5.5,32.5,토프(pc) + 유프 온보딩요청드립니다,성현_확인 원격성현 원격온보딩 원격솔라피발송
2026-09-04 17:15,원격 AS요청,김봉수,온담네일,2630803394,온보딩,배선유,O,,,,9.9,29.8,아이폰+ 프론트온보딩,선유_확인 1차_부재 원격선유 원격온보딩
2026-09-04 17:20,원격 AS요청,,한국체대 태결 태권도장,1809802048,AS,송태양,,,,,4.9,12.5,포프(태블릿) 온보딩요청드립니다,태양_확인_ 원격as 원격태양
2026-09-04 17:30,원격 AS요청,최승훈,더 미니멀 민(the minimal mean),2871003210,온보딩,김규빈,,,,,6.3,22.8,포프(노트북) 온보딩요청드립니다,규빈_확인2 원격규빈 원격온보딩
2026-09-04 17:30,원격 AS요청,최승훈,바이수 몬테소리 미사센터,1119687896,AS,고경림,O,,,,2.5,14.8,포프(pc) + 유프 온보딩요청드립니다,경림_확인 1차_부재 원격경림 원격as
2026-09-04 18:00,원격 AS요청,최승훈,인천 윤가야금 스튜디오,6140253391,온보딩,고경림,,,,,8.4,12.3,포프(노트북) 온보딩요청드립니다,경림_확인 원격경림 원격온보딩
2026-09-04 18:00,원격 AS요청,,별난아재맥주산동점,1493801535,,심성현,,O,,,8.5,,포프(휴대폰) 온보딩 도움 요청드립니다. (18시 이후),성현_확인 1차_부재 2차_부재
2026-09-04 18:00,원격 AS요청,최승훈,에듀플렉스에듀코치개별지도칠곡운암학원,5919501762,온보딩,최민석,,,,,8.5,16.1,포프(태블릿) 온보딩요청드립니다,민석확인 원격민석 원격온보딩
2026-09-04 18:15,원격 AS요청,최승훈,2020 스포츠파크 바르셀로나,7779202253,온보딩,배선유,,,,,14.3,57.4,포프(휴대폰) 온보딩요청드립니다,선유_확인 원격선유 원격온보딩
2026-09-04 18:15,원격 AS요청,,리본바디케어,6737200111,온보딩,송태양,,,,,14.3,18.8,포프(휴대폰) 온보딩요청드립니다,태양_확인_ 원격태양 원격온보딩
2026-09-04 18:15,원격 AS요청,최승훈,규리네일,3785200746,AS,배선유,,,,,10.9,10.9,포프(태블릿) 온보딩요청드립니다,선유_확인 원격선유 원격as
2026-09-04 18:20,원격 AS요청,,배움필라테스,1961003141,AS,심성현,,,,,13.8,13.8,포프(휴대폰) 온보딩 요청드립니다. / 사용 방법 어려워하셔서 자세한 안내 부탁 드립니다:루피_감사:,성현_확인 원격성현 원격as
2026-09-04 18:30,원격 AS요청,최승훈,단과이룸학원,3929802068,AS,심성현,,,,,9.8,34.4,포프(pc) + 유프 온보딩요청드립니다,성현_확인 원격성현 원격as
2026-09-04 18:30,원격 AS요청,김규리,(HEXA)영어학원,6589601795,온보딩,배선유,,,,,6.9,13.9,포프(PC) 온보딩 요청드립니다. / 사용 방법도 어려워 사용 못하고 있었다고 하십니다. 자세한 안내 부탁드립니다. / 최대한 6시 30분에 연락 요청 하셨습니다! :중요_느낌표:,선유_확인 원격선유 원격온보딩
2026-09-04 18:30,원격 AS요청,최승훈,올케어짐,5123101428,,심성현,,O,,,9.8,,포프(pc) + 유프 온보딩요청드립니다,성현_확인 1차_부재 2차_부재
2026-09-04 18:30,원격 AS요청,최승훈,플로렌(FLOREN),1979900138,AS,송태양,,,,,9.8,9.8,포프(태블릿) + 유프 온보딩요청드립니다. 이미 원격예약되신 분들이 있어서 대기시간 조금 걸릴 수 있다고 안내드렸습니다,태양_확인_ 원격태양 원격as
2026-09-04 19:45,원격 AS요청,최승훈,우블리,3062493612,온보딩,최민석,,,,,4.5,10.7,포프(태블릿) + 유프 온보딩요청드립니다,민석확인 원격민석 원격온보딩
2026-09-04 20:00,원격 AS요청,최승훈,잰네일,7033701443,AS,최민석,,,,,6.4,6.4,포프(노트북) + 유프 온보딩요청드립니다,민석확인 원격민석 원격as
2026-09-04 21:00,원격 AS요청,최승훈,시바(SHIBA),1041314432,온보딩,최민석,,,,,25.3,77.9,토프(pc) + 유프 온보딩요청드립니다,민석확인 원격민석 원격온보딩
2026-09-04 21:00,원격 AS요청,김규리,스페이스 에이브이 컨설팅 테크놀리지스,1621603024,,최민석,,O,,,23.4,25.3,"포프(휴대폰, PC) 온보딩 요청드립니다.",민석확인 원격민석 1차_부재 2차_부재
2026-09-04 22:00,원격 AS요청,김봉수,제이디자인,5934101504,온보딩,최민석,,,,,,,핸드폰+프론트,민석확인 원격민석 원격온보딩
2026-09-05 13:15,원격 AS요청,,부빵,2990302797,AS,,,,,,29.7,29.7,최근들어 포스기와 프론트 연결이 자주 끊어지고 카드 꽂으면 결제가 안될때가 잦다 하셔서 점검 부탁드립니다. 비상 결제 모드 방법도 안내 부탁드립니다.,명석 원격명석 원격as
2026-09-05 15:00,원격 AS요청,,공터영어목동프리미엄센터학원,4099984725,AS,최민석,,,,,2.6,6.9,포프(노트북) 온보딩요청드립니다,민석확인 원격민석 원격as
2026-09-05 16:00,원격 AS요청,,용용선생 창원상남점,2534600811,AS,최민석,,,,,5.8,12.3,용용선생 로제투도우펀/로제천당세트가 주문서 출력불 추가옵션 등이 볶음 프린터에 나오게 설정 요청,민석확인 원격민석 원격as
2026-09-05 19:00,원격 AS요청,,잰네일,7033701443,온보딩,최민석,,,,,,,포프(노트북) + 유프 온보딩요청드립니다,민석확인 원격민석 원격온보딩
2026-09-07 10:00,원격 AS요청,최승훈,수학의 이음 수학교습소,8589901682,AS,심성현,,,,,,,포프(태블릿) 온보딩요청드립니다,성현_확인 원격성현 원격as
2026-09-07 10:00,원격 AS요청,김규리,키오스크닷컴,7037700644,온보딩,송태양,,,,,,,포프 온보딩 요청드립니다.,태양_확인_ 원격태양 원격온보딩
2026-09-07 10:28,원격 AS요청,,주식회사 롤링다이스,1888804003,,,,,,O,,,프론트 추가로 구매진행하여 8월22일에 구매했던 smt cat 단말기번호 2282875002 해당 건,x
2026-09-07 10:45,원격 AS요청,,플로렌(FLOREN),1979900138,AS,심성현,,,,,2.4,2.4,포프(태블릿) + 유프 온보딩요청드립니다. 이미 원격예약되신 분들이 있어서 대기시간 조금 걸릴 수 있다고 안내드렸습니다,성현_확인 원격성현 원격as
2026-09-07 11:00,원격 AS요청,최승훈,또다른네일,5392300749,온보딩,서상원,,,,,8.3,8.3,포프(노트북) 온보딩요청드립니다,원격상원 원격온보딩
2026-09-07 11:00,원격 AS요청,,단과이룸학원,3929802068,온보딩,심성현,O,,,,,,포프(pc) + 유프 온보딩요청드립니다,성현_확인 1차_부재 원격성현 원격솔라피발송 원격온보딩
2026-09-07 11:00,원격 AS요청,최승훈,웜하우스(warmhaus),6971802132,온보딩,심성현,,,,,4.7,39.4,포프(pc) 온보딩요청드립니다,성현_확인 원격성현 원격온보딩 원격솔라피발송
2026-09-07 11:30,원격 AS요청,최승훈,상명의료기,1420463307,온보딩,송태양,,,,,9.4,23.3,포프(태블릿) 온보딩요청드립니다,태양_확인_ 원격태양 원격온보딩
2026-09-07 11:36,원격 AS요청,,어피럽,7791402741,AS,배선유,,,,,5.4,10,포스 영수증 및 배달전표 미출력,선유_확인 블루-굽신-전방위 원격선유 원격as
2026-09-07 13:00,원격 AS요청,,세종,1292222011,AS,김기범,,,,,21.5,21.5,MPOS 1300TE 시간이 맞지 않은 설정 요청,기범 원격기범 원격as
2026-09-07 13:00,원격 AS요청,,주식회사 롤링다이스,1888804003,온보딩,서상원,,,,,10.8,10.8,프론트 추가로 구매진행하여 8월22일에 구매했던 smt cat 단말기번호 2282875002 해당 건,원격상원 원격온보딩
2026-09-07 13:00,원격 AS요청,최승훈,스마트해법영어해쌤영어교습소,1489601769,온보딩,배선유,,,,,7.3,21.5,포프(태블릿) + 유프 온보딩요청드립니다,선유_확인 원격선유 원격온보딩 원격솔라피발송
2026-09-07 14:00,원격 AS요청,김봉수,꺼꾸잽이초장집논산취암점,5981702589,AS,서상원,,,,,11.8,11.8,"토스포스 설치 가능한 사양확인요청 (방문설치 접수 예정건 , 포스기사용중)",원격상원 원격as
2026-09-07 14:00,원격 AS요청,최승훈,래쉬무드(Lash Mood),5874501434,온보딩,심성현,,,,,5.8,44.4,포프(태블릿) 온보딩요청드립니다,성현_확인 원격성현 원격온보딩 원격솔라피발송
2026-09-07 14:00,원격 AS요청,최승훈,주주모바일,6670902783,AS,심성현,,,,,2.4,5.8,포프(pc) 온보딩요청드립니다,성현_확인 원격성현 원격as
2026-09-07 14:45,원격 AS요청,김봉수,주식회사 셀러메이커스,6258103805,온보딩,서상원,,,,,2.8,2.8,노트북+프론트 온보딩,원격상원 원격온보딩
2026-09-07 15:00,원격 AS요청,,메리차밍,2042789360,,송태양,,O,,,17.2,,터프 온보딩 요청 드립니다!,태양_확인_ 1차_부재 2차_부재
2026-09-07 15:00,원격 AS요청,최승훈,바로덮밥바로파스타,4332401485,AS,심성현,,,,,17.2,49.6,토프(기존포스기) 온보딩요청드립니다,성현_확인 원격성현 원격as
2026-09-07 15:00,원격 AS요청,최승훈,늘푸른언어심리발달센터,4129200737,AS,송태양,,,,,11.8,11.8,포프(pc) + 유프 온보딩요청드립니다,태양_확인_ 원격태양 원격as
2026-09-07 15:00,원격 AS요청,,진희푸드연구소,3953201835,,송태양,,O,,,9.3,,포프(pc) 온보딩 도움 요청드립니다. (15시경),태양_확인_ 1차_부재 2차_부재
2026-09-07 15:15,원격 AS요청,최승훈,풀사이드,1920304043,온보딩,서상원,,,,,7.5,7.5,포프(태블릿) + 유프 온보딩요청드립니다,원격상원 원격온보딩
2026-09-07 15:30,원격 AS요청,최승훈,아이두 요가&필라테스,4142602041,AS,송태양,,,,,6.3,12.4,포프(pc) 온보딩요청드립니다,태양_확인_ 원격as 원격태양
2026-09-07 16:00,원격 AS요청,최승훈,판타 테니스(Fanta Tennis),4126001415,,,,O,,,5.4,5.4,토프(pc) + 유프 온보딩요청드립니다,2차_부재
2026-09-07 16:15,원격 AS요청,,주주모바일,6670902783,온보딩,고경림,O,,,,9.8,37.3,포프(pc) 온보딩요청드립니다,경림_확인 1차_부재 원격경림 원격온보딩
2026-09-07 16:15,원격 AS요청,김봉수,아람에듀 소프트,1227043734,AS,최민석,,,,,6.3,6.3,노트북+프론트 온보딩,민석확인 원격민석 원격as
2026-09-07 16:30,원격 AS요청,최승훈,주식회사 엘리미떼,4398603723,온보딩,심성현,,,,,8.7,30.5,포프(태블릿) + 유프 온보딩요청드립니다,성현_확인 원격성현 원격온보딩 원격솔라피발송
2026-09-07 16:45,원격 AS요청,최승훈,네일또놀자,2296700754,온보딩,김현기,,,,,2,31.1,포프(휴대폰) 온보딩요청드립니다,현기_확인 로딩 원격현기 원격온보딩
2026-09-07 17:00,원격 AS요청,김봉수,오리지널스,5783101791,온보딩,배선유,,,,,10.5,20.4,핸드폰 + 프론트 온보딩,선유_확인 원격선유 원격온보딩
2026-09-07 17:00,원격 AS요청,최승훈,스터디셀 아카데미학원,6149799317,AS,배선유,O,,,,5.4,47.5,"토프(pc) 온보딩요청드립니다. pc사양이 조금 오래됐다고, 설치 안 될 경우에는 노트북 온보딩요청하셨습니다",선유_확인 1차_부재 원격선유 원격as
2026-09-07 17:00,원격 AS요청,최승훈,책나무 독서논술,1319986271,,서상원,,O,,,16.1,16.1,포프(노트북) + 유프 온보딩요청드립니다,1차_부재 2차_부재 원격상원
2026-09-07 18:00,원격 AS요청,최승훈,유미가 에스테틱,6880503457,온보딩,최민석,,,,,6,6,포프(pc) + 유프 온보딩요청드립니다.,민석확인 원격민석 원격온보딩
2026-09-07 18:00,원격 AS요청,최승훈,반딧불스터디보습학원,3229801930,AS,최민석,,,,,,,포프(태블릿) 온보딩요청드립니다,민석확인 원격민석 원격as
2026-09-07 18:30,원격 AS요청,최승훈,헤어톡,3832700241,AS,심성현,,,,,17.3,21.2,포프(pc) + 유프 온보딩요청드립니다,성현_확인 원격성현 원격as
2026-09-07 19:00,원격 AS요청,최승훈,뮤즈안경,2674800420,온보딩,최민석,,,,,6.4,11.3,포프(pc) + 유프 온보딩요청드립니다,민석확인 원격민석 원격온보딩
2026-09-07 19:00,원격 AS요청,김봉수,하이딕창의사고력학원,1089225805,AS,최민석,,,,,,,노트북+프론트+프린터,민석확인 원격민석 원격as
2026-09-07 19:30,원격 AS요청,최승훈,원헤어,1737400425,온보딩,최민석,,,,,7.5,7.5,"포프(태블릿) 온보딩요청드립니다, 현재 영업중인데 태블릿을 자택에 두고오셔서 혹시나 가져올 시간이 안될 시에는 휴대폰 온보딩으로 요청주셨습니다",민석확인 원격민석 원격온보딩
2026-09-07 20:00,원격 AS요청,,헤어톡,3832700241,,최민석,,O,,,17.5,17.5,포프(pc) + 유프 온보딩요청드립니다,민석확인 원격민석 1차_부재 2차_부재
2026-09-07 20:15,원격 AS요청,최승훈,란쌤수학,6159307466,온보딩,최민석,,,,,13,23.4,포프(pc) 온보딩요청드립니다,민석확인 원격민석 원격온보딩
2026-09-08 06:15,원격 AS요청,,배움필라테스,1961003141,,,,,,O,,,포프(휴대폰) 온보딩 요청드립니다. / 사용 방법 어려워하셔서 자세한 안내 부탁 드립니다,x
2026-09-08 09:00,원격 AS요청,김봉수,조에라이스(Zoe Rice),5729502168,온보딩,김현기,,,,,2.3,17.1,노트북+프론트 온보딩,현기_확인 원격현기 원격온보딩
2026-09-08 09:00,원격 AS요청,최승훈,삼형제김밥 천안불당점,5181301704,AS,고경림,,,,,2.3,2.3,포프(휴대폰) + 유프 온보딩요청드립니다,경림_확인 원격경림 원격as
2026-09-08 09:30,원격 AS요청,김규리,바비야기 안산,6110944738,AS,송태양,,,,,,,유프 온보딩 요청드립니다. / <https://w1659946222-hxm266180.slack.com/archives/C09HRUSG4TX/p1788742807042019|포프는 설치 완료>,태양_확인_ 원격as 원격태양
2026-09-08 10:00,원격 AS요청,,주식회사 모임공간,3228502832,AS,배선유,,,,,7.2,10.8,토스포스 노트북  > pc로 변경 한 후 프린터기 출력 안된다고 하셔서 통화 요청 드립니다!,선유_확인 원격선유 원격as
2026-09-08 10:00,원격 AS요청,김규리,주식회사 손소,6908702947,,김규빈,,O,,,7.2,,포프(휴대폰) 온보딩 요청드립니다. / 사용 방법 안내 부탁드립니다!,규빈_확인2 1차_부재 2차_부재
2026-09-08 10:00,원격 AS요청,최승훈,오! 빵순이,8823000807,AS,배선유,,,,,3.2,7.2,포프(태블릿) + 유프 온보딩요청드립니다,선유_확인 원격선유 원격as
2026-09-08 10:30,원격 AS요청,,아이두 요가&필라테스,4142602041,AS,고경림,O,,,,2.3,20.7,포프(pc) 온보딩요청드립니다,경림_확인 1차_부재 원격as 원격경림
2026-09-08 10:30,원격 AS요청,최승훈,주식회사 이음온아이,3848803811,AS,김현기,,,,,,,포프(pc) 온보딩요청드립니다,현기_확인 원격as 원격현기
2026-09-08 10:45,원격 AS요청,,바비야기 안산,6110944738,,김동욱,,O,,,12.9,,유프 온보딩 요청드립니다. / <https://w1659946222-hxm266180.slack.com/archives/C09HRUSG4TX/p1788742807042019|포프는 설치 완료>,동욱_확인 1차_부재 2차_부재
2026-09-08 10:45,원격 AS요청,김규리,한반도 양꼬치,3020551564,AS,고경림,,,,,5.7,62.5,매장 포스기 (OK 포스) + 프론트 + 유프 온보딩 요청드립니다.,경림_확인 원격경림 원격as
2026-09-08 11:00,원격 AS요청,최승훈,무아(Mu_A),5864801242,온보딩,송태양,,,,,9.3,13.1,포프(휴대폰) + 유프 온보딩요청드립니다,태양_확인_ 원격태양 원격온보딩
2026-09-08 11:00,원격 AS요청,최승훈,레스트이즈히어,2031276062,AS,김동욱,,,,,9.3,9.3,포프(pc) + 유프 온보딩요청드립니다,동욱_확인 원격동욱 원격as
2026-09-08 11:00,원격 AS요청,김규리,알지(RG) 미용실,7220900568,AS,송태양,,,,,5.9,9.3,"포프(휴대폰, 노트북) 온보딩 요청드립니다. / 사용방법 안내 부탁드립니다.",태양_확인_ 원격as 원격태양
2026-09-08 11:15,원격 AS요청,,아이두 요가&필라테스,4142602041,,배선유,,O,,,5.1,,포프(pc) 온보딩요청드립니다,선유_확인 1차_부재 2차_부재
2026-09-08 12:45,원격 AS요청,최승훈,라뷰티,2300119752,온보딩,고경림,,,,,,,포프(노트북) 온보딩요청드립니다,경림_확인 원격경림 원격온보딩
2026-09-08 13:00,원격 AS요청,최승훈,화북(禾北),7142002541,온보딩,고경림,,,,,7.4,14.4,포프(태블릿) + 유프 온보딩요청드립니다,경림_확인 원격경림 원격온보딩
2026-09-08 13:00,원격 AS요청,김규리,보보베이크,1980204307,온보딩,김동욱,,,,,,,전자 영수증 설정 완료했지만 결제 과정에서 프린터 연결 안내 문구가 자꾸 뜬다고 하십니다. 확인 부탁드립니다. / 포프(휴대폰) 연결 완료,동욱_확인 원격동욱 원격온보딩
2026-09-08 13:00,원격 AS요청,최승훈,메타스터디공부방,4229701077,온보딩,서상원,,,,,,,포프(노트북) 온보딩요청드립니다,원격상원 원격온보딩
2026-09-08 13:15,원격 AS요청,최승훈,라멘 토네이도,4223701622,온보딩,김동욱,O,,,,3.5,23.3,포프(태블릿) + 유프 온보딩요청드립니다,동욱_확인 1차_부재 원격동욱 원격온보딩
2026-09-08 13:15,원격 AS요청,최승훈,힘찬동물병원,1783401350,AS,김동욱,,,,,3.5,3.5,포프(pc) 온보딩요청드립니다,동욱_확인 원격동욱 원격as
2026-09-08 13:30,원격 AS요청,최승훈,몽 베이프,1392074055,온보딩,고경림,,,,,5.8,27.9,포프(노트북) + 유프 온보딩요청드립니다,경림_확인 원격경림 원격온보딩
2026-09-08 13:45,원격 AS요청,김봉수,몽글,6144700973,,심성현,,O,,,16.6,,아이패드 +프론트,성현_확인 1차_부재 2차_부재
2026-09-08 13:45,원격 AS요청,김봉수,주식회사 릿툰(LitTOON Inc.),8508603463,온보딩,고경림,,,,,16.6,41.8,핸드폰(갤)+프론트,경림_확인 로딩 원격경림 원격온보딩
2026-09-08 13:45,원격 AS요청,최승훈,오브 옵티컬(OVE OPTICAL),4382901942,,김동욱,,O,,,4.9,,포프(휴대폰) + 유프 온보딩요청드립니다,동욱_확인 1차_부재 2차_부재
2026-09-08 14:00,원격 AS요청,최승훈,예일학원,5549502030,AS,심성현,,,,,5.8,8.3,포프(pc) 온보딩요청드립니다,성현_확인 원격as 원격성현
2026-09-08 14:15,원격 AS요청,,알지(RG) 미용실,7220900568,AS,심성현,,,,,6.5,9.5,"포프(휴대폰, 노트북) 온보딩 요청드립니다. / 사용방법 안내 부탁드립니다.",성현_확인 원격성현 원격as
2026-09-08 14:15,원격 AS요청,김봉수,가화테라스 공부방,1559501343,,심성현,,O,,,2.3,,핸드폰+프론트 온보딩,성현_확인 1차_부재 2차_부재
2026-09-08 14:15,원격 AS요청,,삼형제김밥 천안불당점,5181301704,온보딩,배선유,,,,,2.3,11.8,포프(휴대폰) + 유프 온보딩요청드립니다,선유_확인 원격선유 원격온보딩
2026-09-08 14:20,원격 AS요청,,주식회사 모임공간,3228502832,AS,김동욱,,,,,4.5,12.4,토스포스 노트북 > pc로 변경 한 후 프린터기 출력 안된다고 하셔서 통화 요청 드립니다!,동욱_확인 원격as 원격동욱
2026-09-08 14:30,원격 AS요청,최승훈,벼리국어학원,1389089320,AS,고경림,,,,,2.4,10.5,포프(노트북) + 유프 온보딩요청드립니다,경림_확인 원격경림 원격as
2026-09-08 15:00,원격 AS요청,최승훈,울타리ULTARI,4023684656,온보딩,고경림,,,,,2.1,9.8,포프(휴대폰) 온보딩요청드립니다,경림_확인 원격경림 원격온보딩
2026-09-08 15:00,원격 AS요청,최승훈,스타일핫요가,1304106706,AS,최민석,,,,,2.1,2.1,"포프(pc, 휴대폰) 온보딩요청드립니다",민석확인 원격민석 원격as
2026-09-08 15:45,원격 AS요청,김봉수,미미뷰티살롱,6516700873,AS,고경림,,,,,,,태블릿+프론트,경림_확인 원격as 원격경림
2026-09-08 16:00,원격 AS요청,최승훈,더이룸영어교습소,2759302021,AS,배선유,,,,,,,포프(태블릿) + 유프 온보딩요청드립니다,선유_확인 원격선유 원격as
2026-09-08 16:15,원격 AS요청,,알지(RG) 미용실,7220900568,,배선유,,O,,,4.3,,"포프(휴대폰, 노트북) 온보딩 요청드립니다. / 사용방법 안내 부탁드립니다.",선유_확인 1차_부재 2차_부재
2026-09-08 16:15,원격 AS요청,,미미뷰티살롱,6516700873,온보딩,,,,,,26.1,26.1,태블릿+프론트,성철확인 원격성철 원격온보딩
2026-09-08 17:00,원격 AS요청,최승훈,공짜텔레콤,6071670026,AS,심성현,,,,,5.7,5.7,포프(pc) 온보딩요청드립니다,성현_확인 원격성현 원격as
2026-09-08 17:00,원격 AS요청,,스터디셀 아카데미학원,6149799317,AS,고경림,,,,,5.4,47.5,"토프(pc) 온보딩요청드립니다. pc사양이 조금 오래됐다고, 설치 안 될 경우에는 노트북 온보딩요청하셨습니다",경림_확인 원격경림 원격as
2026-09-08 17:45,원격 AS요청,최승훈,무니크,8840602179,온보딩,배선유,O,,,,6.4,13.9,토프(pc) 온보딩요청드립니다,선유_확인 1차_부재 원격선유 원격온보딩
2026-09-08 18:00,원격 AS요청,최승훈,협동조합달콤한밥상,5028627829,온보딩,최민석,,,,,2.8,2.8,포프(노트북) + 유프 온보딩요청드립니다.,민석확인 원격민석 원격온보딩
2026-09-08 18:00,원격 AS요청,최승훈,호호두,3835700990,온보딩,최민석,,,,,,,포프(노트북) + 유프 온보딩요청드립니다,민석확인 원격민석 원격온보딩
2026-09-08 18:15,원격 AS요청,,배움필라테스,1961003141,AS,심성현,O,,,,8.8,20.2,포프(휴대폰) 온보딩 요청드립니다. / 사용 방법 어려워하셔서 자세한 안내 부탁 드립니다,성현_확인 1차_부재 원격성현 원격as
2026-09-08 18:30,원격 AS요청,김규리,하이퍼수학마루학원,6139218785,온보딩,최민석,,,,,25.4,29.3,"포프(컴퓨터) 온보딩 요청드립니다. / 컴퓨터 - 랜선 연결, 프론트 - 와이파이 연결 / 기존에 사용하던 유프와 연동 희망하십니다.",민석확인 원격민석 원격온보딩
2026-09-08 18:30,원격 AS요청,최승훈,브레인부스트훈련센타,4082602916,온보딩,최민석,,,,,21.9,25.4,포프(pc) + 유프 온보딩요청드립니,민석확인 원격민석 원격온보딩
2026-09-08 19:00,원격 AS요청,김규리,유헤브 붙임머리,3182602520,온보딩,송태양,,,,,9.8,13.3,포프(휴대폰) 온보딩 요청드립니다. / 프론트 인식이 되지 않는다고 하십니다. 확인 부탁드립니다.,태양_확인_ 원격태양 원격온보딩 원격솔라피발송
2026-09-08 19:00,원격 AS요청,김봉수,우리동네2020,5111902325,AS,최민석,,,,,9.8,16.4,포스기 + 프론트 온보딩,민석확인 원격민석 원격as
2026-09-08 19:00,원격 AS요청,,스터디셀 아카데미학원,6149799317,AS,최민석,,,,,5.8,16.4,"토프(pc) 온보딩요청드립니다. pc사양이 조금 오래됐다고, 설치 안 될 경우에는 노트북 온보딩요청하셨습니다",민석확인 원격민석 원격as
2026-09-08 20:00,원격 AS요청,최승훈,뮤즈드래쉬,8112701920,AS,최민석,,,,,11.3,16.8,포프(태블릿) + 유프 온보딩요청드립니다,민석확인 원격민석 원격as
2026-09-08 20:00,원격 AS요청,최승훈,리틀팍스 용인동백어학원,3909801627,AS,최민석,O,,,,11.3,11.3,포프(pc) 온보딩요청드립니다,민석확인 원격민석 1차_부재 원격as
2026-09-08 20:30,원격 AS요청,최승훈,소원사진관,5023564948,온보딩,최민석,,,,,2.3,21.9,포프(휴대폰) 온보딩요청드립니다,민석확인 원격민석 원격온보딩
2026-09-08 22:00,원격 AS요청,김봉수,제주 트립티,1058773435,AS,최민석,,,,,13,19.3,갤럭시+프론트+프린터 온보딩,민석확인 원격민석 원격as
2026-09-08 22:00,원격 AS요청,김봉수,플로스 소희(flos sohee),2612902133,온보딩,최민석,,,,,13.1,19.4,핸드폰+프론트,민석확인 원격민석 원격온보딩
2026-09-08 23:00,원격 AS요청,김봉수,파인힐,1830600137,온보딩,최민석,,,,,8,23.1,핸드폰+프론트 온보딩요청 . /BTR-1100 도 프로그램설치 및 사용법 안내필요,민석확인 원격민석 원격온보딩
2026-09-09 02:15,원격 AS요청,,수학의 이음 수학교습소,8589901682,,,,,,O,,,포프(태블릿) 온보딩요청드립니다,x
2026-09-09 10:00,원격 AS요청,최승훈,알짜 피규어,2132402366,AS,심성현,O,,,,2.1,20.6,포프(태블릿) 온보딩요청드립니다,성현_확인 1차_부재 원격성현 원격as
2026-09-09 10:00,원격 AS요청,,주식회사 이음온아이,3848803811,온보딩,배선유,,,,,2.1,16.8,업무pc에 연결하려 했으나 네트워크 대역이 다름 / 태블릿 지참하여 온보딩 필요,선유_확인 원격선유 원격온보딩
2026-09-09 10:30,원격 AS요청,최승훈,올망,6407700339,AS,김현기,,,,,4.3,8.9,포프(pc) 온보딩요청드립니다,현기_확인 원격현기 원격as
2026-09-09 11:00,원격 AS요청,김규리,플로라온스튜디오,5530703704,,고경림,,O,,,4.8,14.8,포프(휴대폰) 온보딩 요청드립니다. / 동일 와이파이 연결했지만 연동이 되지 않는다고 하십니다. 확인 부탁드립니다.,경림_확인 1차_부재 2차_부재
2026-09-09 11:00,원격 AS요청,최승훈,해(hae),7805900860,AS,고경림,,,,,,,포프(태블릿) 온보딩요청드립니다,경림_확인 원격경림 원격as
2026-09-09 11:00,원격 AS요청,,공짜텔레콤,6071670026,AS,고경림,,,,,,,포프(pc) 온보딩요청드립니다,경림_확인 원격경림 원격as
2026-09-09 11:00,원격 AS요청,김규리,그루밍 캐나다,1052654780,AS,김현기,,,,,,,포프(노트북) + 유프 온보딩 요청드립니다. / 포프 연동 안됨,현기_확인 원격as 원격현기
2026-09-09 12:00,원격 AS요청,최승훈,엠지폰성지,7280104038,온보딩,김규빈,,,,,20.3,20.3,포프(노트북) 온보딩요청드립니다,규빈_확인2 원격규빈 원격온보딩
2026-09-09 13:00,원격 AS요청,,캐피룸,5240803402,AS,김기범,,,,,6.3,29.8,프유프 사용 매장으로 프론트 온보딩 요청주시어 확인 부탁드립니다. 선 연결 자체부터 어렵다고 하십니다.,기범 원격기범 원격as
2026-09-09 13:00,원격 AS요청,최승훈,누리다,4089610952,온보딩,김동욱,,,,,6.3,17.4,포프(노트북) + 유프 온보딩요청드립니다,동욱_확인 원격동욱 원격온보딩 원격솔라피발송
2026-09-09 13:00,원격 AS요청,김규리,다알리아(Dahlia),6881402974,,배선유,O,,,,2.5,118.3,포프(휴대폰) + 유프 온보딩 요청드립니다. / 포프 연결 과정에서 프론트 인식되지 않는다고 하십니다. 확인 부탁드립니다.,선유_확인 1차_부재 원격선유
2026-09-09 13:15,원격 AS요청,최승훈,오케이네일(OK-NAIL),4092893113,온보딩,김동욱,,,,,6.3,18.6,포프(노트북) 온보딩요청드립니다,동욱_확인 원격동욱 원격온보딩 원격솔라피발송
2026-09-09 13:30,원격 AS요청,최승훈,해오름달,1185400639,AS,김현기,,,,,43.3,47.1,포프(노트북) 온보딩요청드립니다,현기_확인 원격현기 원격as
2026-09-09 13:45,원격 AS요청,최승훈,한 장,4654601091,온보딩,심성현,,,,,20.9,50,포프(태블릿) + 유프 온보딩요청드립니다,긴급 성현_확인 원격성현 원격온보딩 원격솔라피발송
2026-09-09 14:00,원격 AS요청,김규리,바비펫 살롱,4922900952,AS,송태양,O,,,,35,37.8,사용 방법 어려움으로 장기간 미사용 / 포프 자가설치 진행하셔서 설치 상태 확인 부탁 드립니다. / 고령,태양_확인_ 1차_부재 원격as 원격태양
2026-09-09 14:15,원격 AS요청,,벼리국어학원,1389089320,온보딩,심성현,,,,,21.8,47.5,포프(노트북) + 유프 온보딩요청드립니다,성현_확인 원격성현 원격온보딩
2026-09-09 14:30,원격 AS요청,최승훈,성환태권도,1289205991,AS,고경림,,,,,14.7,46.7,포프(pc) + 유프 온보딩요청드립니다,경림_확인 원격경림 원격as
2026-09-09 14:45,원격 AS요청,최승훈,대치감성수학의정부직영점학원,5879801196,AS,고경림,,,,,9.3,9.3,포프(태블릿),경림_확인 원격경림 원격as
2026-09-09 15:00,원격 AS요청,최승훈,비비드라인,3731301377,온보딩,최민석,,,,,2.4,2.4,포프(휴대폰) + 포프 온보딩요청드립니다. 휴대폰 핫스팟 사용하신다고합니다,민석확인 원격민석 원격온보딩
2026-09-09 15:00,원격 AS요청,,스탠다드 바버샵,7687100557,AS,심성현,O,,,,2.4,38.3,포캣프(휴대폰) 이용 중 / 인터넷 연결이 끊겨서 재 온보딩 필요한 것으로 파악 되어 통화 부탁 드립니다!,성현_확인 1차_부재 원격성현 원격as
2026-09-09 15:00,원격 AS요청,김규리,한솔영어수학학원,4019093760,AS,배선유,,,,,2.5,8.3,사용 방법 어려움으로 도움 요청드립니다. / 결제 금액 입력 방법 안내는 완료,선유_확인 원격선유 원격as
2026-09-09 15:15,원격 AS요청,,알짜 피규어,2132402366,AS,송태양,,,,,14.4,23.4,포프(태블릿) 온보딩요청드립니다,태양_확인_ 원격as 원격태양
2026-09-09 15:15,원격 AS요청,,라베나 필라테스,1353244402,온보딩,배선유,,,,,8.8,23.4,포프(맥북) 온보딩 요청,선유_확인 원격선유 원격온보딩
2026-09-09 15:45,원격 AS요청,,대치감성수학의정부직영점학원,5879801196,온보딩,최민석,,,,,10.4,17.6,포프(태블릿),민석확인 원격민석 원격온보딩
2026-09-09 16:00,원격 AS요청,,해오름달,1185400639,AS,고경림,,,,,2.5,2.5,포프(노트북) 온보딩요청드립니다,경림_확인 원격경림 원격as
2026-09-09 16:45,원격 AS요청,최승훈,멍앤데이,3021402968,온보딩,고경림,,,,,13.3,50.2,포프(노트북) + 유프 온보딩요청드립니다,경림_확인 원격경림 원격온보딩
2026-09-09 16:45,원격 AS요청,,수(秀)뷰티,5244201131,온보딩,서상원,,,,,10.9,10.9,포프(pc) 온보딩 도움 요청드립니다. (17시경) / KIS-2200 프린터 용도 사용 / 케이블 별도 구비,원격상원 원격온보딩
2026-09-09 17:00,원격 AS요청,,오이시,4591000123,AS,송태양,,,,,31.1,39.2,포스기+키보드/ 오류 증상으로 A/S요청 / 방문 A/S당시에는 문제가 없었으나 또 같은 상황이 빈번하여 확인 부탁드립니다.,태양_확인_ 원격태양 원격as
2026-09-09 17:00,원격 AS요청,최승훈,모딕션,5680102613,AS,김현기,,,,,9.8,14.3,포프(휴대폰) 온보딩요청드립니다,현기_확인 원격현기 원격as
2026-09-09 17:00,원격 AS요청,,준이네 연남,3920603359,AS,고경림,,,,,2.6,39.2,프론트 / IC 인식 불량으로 점검 요청드립니다.,경림_확인 원격경림 원격as
2026-09-09 17:00,원격 AS요청,,그루밍 캐나다,1052654780,온보딩,송태양,,,,,2.7,9.9,포프(노트북) + 유프 온보딩 요청드립니다. / 포프 연동 안됨,태양_확인_ 원격태양 원격온보딩
2026-09-09 17:15,원격 AS요청,최승훈,꽃집화요일,1199177363,온보딩,심성현,,,,,20.2,24.2,포프(태블릿) + 유프 온보딩요청드립니다,성현_확인 원격성현 원격온보딩 원격솔라피발송
2026-09-09 18:30,원격 AS요청,,마석심리상담연구소,3479800658,AS,최민석,O,,,,2.6,2.6,포프(pc) 온보딩 요청드립니다. (18시 30분경),민석확인 원격민석 1차_부재 원격as
2026-09-09 18:45,원격 AS요청,,체율 체형교정센터,8126100646,AS,최민석,,,,,9,27.7,"결제가 되지 않고, 포스 부정방지라고 뜬다고 합니다.",민석확인 원격민석 원격as
2026-09-09 19:00,원격 AS요청,최승훈,독서코칭루미북국어논술학원,1759601738,AS,심성현,,,,,12.7,17,포프(휴대폰) + 유프 온보딩요청드립니다,성현_확인 원격성현 원격as
2026-09-09 19:15,원격 AS요청,,스탠다드 바버샵,7687100557,AS,최민석,,,,,21.9,28.6,포캣프(휴대폰) 이용 중 / 인터넷 연결이 끊겨서 재 온보딩 필요한 것으로 파악 되어 통화 부탁 드립니다!,민석확인 원격민석 원격as
2026-09-09 19:30,원격 AS요청,김규리,주다헤어,3803701013,AS,최민석,,,,,24.3,24.3,사용 방법 안내 요청드립니다. /  포프(휴대폰) + 유프 자가설치 하셔서 확인 부탁드립니다.,민석확인 원격민석 원격as
2026-09-09 20:00,원격 AS요청,,뉴채움수학교습소,7199502151,AS,최민석,,,,,2.5,2.5,포프유(휴대폰) 사용 중 / 어플 연 상태에서 결제 했음에도 프린터기 출력 안된다고 하셔서 획인 요청 드립니다!,민석확인 원격민석 원격as
2026-09-09 21:00,원격 AS요청,최승훈,그레이,3122575163,,최민석,,O,,,37.9,37.9,포프(태블릿) 온보딩요청드립니다,민석확인 원격민석 1차_부재 2차_부재
2026-09-09 21:00,원격 AS요청,최승훈,두부곳간히포,1307400603,온보딩,최민석,,,,,28.8,28.8,포프(태블릿) 온보딩요청드립니다,민석확인 원격민석 원격온보딩
2026-09-09 21:00,원격 AS요청,김봉수,수학톡톡수학교습소,2049674432,온보딩,최민석,,,,,13.4,25.9,태블릿+프론트+프린터 온보딩요청 .,민석확인 원격민석 원격온보딩
2026-09-09 21:30,원격 AS요청,최승훈,더블유,7204101066,온보딩,최민석,,,,,17.4,33,포프(노트북) 온보딩요청드립니다,민석확인 원격민석 원격온보딩
2026-09-09 22:00,원격 AS요청,최승훈,어웨이크런,5932902175,온보딩,최민석,,,,,2.8,2.8,포프(태블릿) + 유프 온보딩요청드립니다,민석확인 원격민석 원격온보딩
2026-09-09 22:45,원격 AS요청,김봉수,스페이스 에이브이 컨설팅 테크놀리지스,1621603024,AS,최민석,,,,,4.9,4.9,(휴대폰)+프론트 온보딩 요청드립니다.,민석확인 원격민석 원격as
2026-09-10 03:15,원격 AS요청,,알짜 피규어,2132402366,,,,,,O,,,포프(태블릿) 온보딩요청드립니다,x
2026-09-10 09:00,원격 AS요청,최승훈,코지퍼프,4851902588,AS,고경림,,,,,2.4,16.3,포프(노트북) + 유프 온보딩요청드립니다,경림_확인 원격as 원격경림
2026-09-10 09:00,원격 AS요청,김봉수,레스트이즈히어,2031276062,AS,송태양,,,,,,,포프(pc) + 유프 온보딩요청드립니다,태양_확인_ 원격as 원격태양
2026-09-10 10:00,원격 AS요청,,재식이네 과일,1109906566,AS,송태양,,,,,8.6,11.8,유프 케이블 연결 되어있으나 전원이 들어오지 않는다고 합니다. 점검 부탁드립니다.,태양_확인_ 원격태양 원격as
2026-09-10 10:00,원격 AS요청,최승훈,마치꽃(March flower),6549901853,AS,김규빈,,,,,8.7,8.7,포프(태블릿) + 유프 온보딩요청드립니다,규빈_확인2 원격규빈 원격as
2026-09-10 10:00,원격 AS요청,최승훈,투티하우스,7990303660,AS,송태양,,,,,2.4,8.7,포프(태블릿) + 유프 온보딩요청드립니다,태양_확인_ 원격태양 원격as
2026-09-10 10:30,원격 AS요청,김봉수,청주속눈썹 LED연장 애니메래쉬 볼륨연장 마음쉼래쉬,1061634866,온보딩,서상원,,,,,24.3,24.3,노트북+프론트,원격상원 원격온보딩
2026-09-10 10:30,원격 AS요청,,바비펫 살롱,4922900952,AS,김규빈,,,,,20.5,24.3,사용 방법 어려움으로 장기간 미사용 / 포프 자가설치 진행하셔서 설치 상태 확인 부탁 드립니다. / 고령,규빈_확인2 원격규빈 원격as
2026-09-10 10:45,원격 AS요청,최승훈,왕짱,2091644741,온보딩,김규빈,,,,,28.4,46.5,포프(노트북) 온보딩요청드립니다,규빈_확인2 원격규빈 원격온보딩
2026-09-10 11:00,원격 AS요청,최승훈,송아트 미술학원,4329601927,AS,배선유,,,,,13.4,21.2,포프(휴대폰) 온보딩요청드립니다,alert 선유_확인 원격선유 원격as
2026-09-10 11:00,원격 AS요청,최승훈,르앤레코드,3662401531,,,,,,O,,,포프(pc) 온보딩요청드립니다,x
2026-09-10 11:30,원격 AS요청,최승훈,오르다국어교습소,3099967106,AS,고경림,,,,,13.4,13.4,포프(pc) + 갤 온보딩요청드립니다,경림_확인 원격as 원격경림
2026-09-10 11:30,원격 AS요청,,주리헤어(JuRi hair),5472400368,AS,배선유,,,,,13.4,13.4,폰에서 아이패드로 재온보딩요청,선유_확인 원격선유 원격as
2026-09-10 11:45,원격 AS요청,최승훈,빛나는 태권스쿨,5789102310,온보딩,송태양,,,,,2.3,34.9,포프(휴대폰) + 유프 온보딩요청드립니다,태양_확인_ 원격태양 원격온보딩
2026-09-10 12:02,원격 AS요청,,리프라운지민락(Leaf Lounge MilLac),4182402578,AS,김현기,,,,,17.7,31.3,아이패드+프+유프// 프론트랑 유프 케이블 못찾으심 (누락주장) / 영상통화로 선 연결부터 안내 부탁드립니다! (프론트는 연결 완료),현기_확인 원격현기 원격as
2026-09-10 13:00,원격 AS요청,최승훈,에르벨 에스테틱 청주 개신점,8240104016,온보딩,고경림,,,,,,,포프(pc) + 유프 온보딩요청드립니다,경림_확인 원격경림 원격온보딩
2026-09-10 13:15,원격 AS요청,최승훈,누오,1670104155,,고경림,,O,,,6.2,,포프(태블릿) + 유프 온보딩요청드립니다,경림_확인 1차_부재 2차_부재
2026-09-10 13:30,원격 AS요청,김규리,키임 파블로 (KIIM PABLO),2787900614,AS,배선유,,,,,9.9,9.9,사용방법 (할인 설정) 어려움으로 도움 요청드립니다!,선유_확인 원격선유 원격as
2026-09-10 14:00,원격 AS요청,최승훈,(주)데이올린,7788702999,AS,배선유,,,,,13.4,17,포프(노트북) 온보딩요청드립니다,선유_확인 원격선유 원격as
2026-09-10 14:00,원격 AS요청,,플로렌스에스테틱,1450802082,온보딩,서상원,,,,,,,포프(휴대폰) 온보딩요청드립니다,원격상원 원격온보딩
2026-09-10 14:30,원격 AS요청,김규리,가화테라스 공부방,1559501343,온보딩,김동욱,,,,,17.4,21.4,사용 방법 어려움으로 도움 요청드립니다! / 포프(휴대폰) 자가설치로 설치 확인 부탁드립니다.,동욱_확인 원격동욱 원격온보딩 원격솔라피발송
2026-09-10 14:30,원격 AS요청,최승훈,해빈쌀롱,2465700478,AS,심성현,O,,,,17.4,29.6,포프(pc) + 유프 온보딩요청드립니다,성현_확인 1차_부재 원격성현 원격as
2026-09-10 14:45,원격 AS요청,,다알리아(Dahlia),6881402974,온보딩,배선유,,,,,,,포프(휴대폰) + 유프 온보딩 요청드립니다. / 포프 연결 과정에서 프론트 인식되지 않는다고 하십니다. 확인 부탁드립니다.,선유_확인 원격선유 원격온보딩
2026-09-10 14:45,원격 AS요청,최승훈,도안이화피아노교습소,5029333412,온보딩,고경림,,,,,6.4,17.7,"포프(태블릿) 온보딩요청드립니다. 매장내에 와이파이 사용가능 여부를 확답을 주지 않습니다(잘 모르겠다 답변),, 핫스팟 사용은 가능하다고 합니다",경림_확인 원격경림 원격온보딩
2026-09-10 15:00,원격 AS요청,최승훈,보니래쉬(Bonnie Lash),7450503027,온보딩,서상원,,,,,17.2,17.2,포프(휴대폰) + 유프 온보딩요청드립니다,원격상원 원격온보딩
2026-09-10 15:00,원격 AS요청,,공방 온결(溫結),5160803245,AS,송태양,,,,,17.2,21.3,"터프 사용 매장 /  금일 매장인터넷 재설치 후 , 터미널에서 '일련번호 불일치' 팝업 노출",태양_확인_ 원격태양 원격as
2026-09-10 15:00,원격 AS요청,,블링크 부산,2123366582,온보딩,최민석,,,,,13.6,13.6,포프(휴대폰) 온보딩 요청,민석확인 원격민석 원격온보딩
2026-09-10 15:15,원격 AS요청,,알짜 피규어,2132402366,온보딩,김현기,,,,,6.4,15,포프(태블릿) 온보딩요청드립니다,현기_확인 원격현기 원격온보딩
2026-09-10 15:30,원격 AS요청,최승훈,지코바(옥포점),8943300816,온보딩,고경림,,,,,17.2,30,포프(pc) 온보딩요청드립니다,경림_확인 원격경림 원격온보딩
2026-09-10 15:30,원격 AS요청,최승훈,책과그림숲동화창작교습소,5389500670,AS,김현기,,,,,17.2,91.5,포프(기존포스기) + 유프 온보딩요청드립니다,현기_확인 원격현기 원격as
2026-09-10 15:30,원격 AS요청,,리드앤와이즈학원,4409502013,AS,고경림,,,,,13.3,13.3,포프유(데스크탑)온보딩 요청 드립니다!,경림_확인 원격as 원격경림
2026-09-10 15:45,원격 AS요청,,해빈쌀롱,2465700478,온보딩,심성현,,,,,,,포프(pc) + 유프 온보딩요청드립니다,성현_확인 원격성현 원격온보딩 원격솔라피발송
2026-09-10 16:00,원격 AS요청,최승훈,오늘도빛나다,2977900482,온보딩,최민석,,,,,43.8,43.8,포프(휴대폰) 온보딩요청드립니다,민석확인 원격민석 원격온보딩
2026-09-10 16:00,원격 AS요청,최승훈,데이바이데이케이크(day by day cake),3911702182,AS,최민석,,,,,39.6,43.8,포프(휴대폰) + 포프 온보딩요청드립니다,민석확인 원격민석 원격as
2026-09-10 16:00,원격 AS요청,,메종프란쓰,7892302191,AS,최민석,,,,,35.8,39.6,포프(휴대폰) + 유프 온보딩 도움 요청드립니다. (16시경) / <tel:010-5230-7834|010-5230-7834> (남편분 연락처로 연락 요청),민석확인 원격민석 원격as
2026-09-10 16:00,원격 AS요청,김규리,페키페키,1754200702,AS,최민석,O,,,,17.8,17.8,토스 포스 내 상품 추가 버튼이 작동하지 않는다고 하십니다. 확인 부탁드립니다.,민석확인 원격민석 1차_부재 원격as
2026-09-10 16:00,원격 AS요청,,하일 커피 랩(HYLE COFFEE LAB),7281102795,AS,고경림,,,,,23.9,29.8,갤럭시탭 / 제품이 많이 느려져서 점검 요청드립니다.,경림_확인 원격as 원격경림
2026-09-10 16:15,원격 AS요청,,레스트이즈히어,2031276062,AS,김현기,,,,,29,33,포프(pc) + 유프 온보딩요청드립니다,현기_확인 원격현기 원격as
2026-09-10 16:30,원격 AS요청,,르앤레코드,3662401531,온보딩,서상원,,,,,22.1,22.1,포프(아이맥) 온보딩요청드립니다,alert 원격상원 원격온보딩
2026-09-10 16:30,원격 AS요청,,(주)데이올린,7788702999,AS,김현기,,,,,22.2,22.2,포프(노트북) 온보딩요청드립니다,현기_확인 원격현기 원격as
2026-09-10 17:00,원격 AS요청,최승훈,청담 핫 요가,1930402313,온보딩,배선유,,,,,27.6,36.7,포프(노트북) + 유프 온보딩요청드립니다,선유_확인 원격선유 원격온보딩
2026-09-10 17:00,원격 AS요청,,우영집,2051356981,AS,배선유,,,,,27.6,27.6,포프(태블릿) + 유프 온보딩요청드립니다,선유_확인 원격선유 원격as
2026-09-10 17:15,원격 AS요청,최승훈,제이에스헤어,3680303641,,,,O,,,,,포프(노트북) + 유프 온보딩요청드립니다,1차_부재 2차_부재
2026-09-10 17:30,원격 AS요청,최승훈,더루멘(THE RUMEN),2221298053,온보딩,심성현,,,,,11.6,11.6,포프(pc) + 유프 온보딩요청드립니다,성현_확인 원격성현 원격솔라피발송 원격온보딩
2026-09-10 18:00,원격 AS요청,김규리,Cafe 공감,4181204684,,김기범,,O,,,6.4,,"유선 프린터 연결, 사용 방법 안내 요청 드립니다. / 매장에 있는 금전함과 연결 가능한지 문의하셨습니다.",기범 1차_부재 2차_부재
2026-09-10 18:00,원격 AS요청,,프루잇츠 군산점,4550403146,AS,김현기,,,,,6.4,6.4,"포스기+프+유프// 배달 연동 사용중이며, 주방용 프린터기에서도 배달 주문서 출력 원함/ 유프 추가 상담 중에 포스기 LAN이 주방으로 포설 가능하다고 하는데, 실제 환경 파악 필요 + 배달 연동시 원하는대로 세팅 ",현기_확인 원격현기 원격as
2026-09-10 18:00,원격 AS요청,최승훈,어서오뎅,8881202658,AS,최민석,,,,,3.6,9.7,포프(휴대폰) 온보딩요청드립니다,민석확인 원격민석 원격as
2026-09-10 18:00,원격 AS요청,최승훈,제이뉴헤어(J:NEW HAIR),3823401717,온보딩,최민석,,,,,3.6,3.6,포프(노트북) + 유프 온보딩요청드립니다,민석확인 원격민석 원격온보딩
2026-09-10 18:15,원격 AS요청,최승훈,바디큐어 힐렉스,1824501296,온보딩,최민석,,,,,17.9,26.4,포프(pc) + wifi무선프린터,민석확인 원격민석 원격온보딩
2026-09-10 18:15,원격 AS요청,김규리,유한회사 라온기업,4508102065,AS,배선유,,,,,17.9,30.6,사용 방법 안내 부탁드립니다. / 고령 / 포프 (휴대폰) 자가 설치,선유_확인 원격선유 원격as
2026-09-10 18:30,원격 AS요청,,마치꽃(March flower),6549901853,,송태양,,O,,,15.6,,포프(태블릿) + 유프 온보딩요청드립니다,태양_확인_ 1차_부재 2차_부재
2026-09-10 18:30,원격 AS요청,최승훈,바미조아,6501502772,AS,심성현,,,,,15.6,20,포프(노트북) + 유프 온보딩요청드립니다,성현_확인 원격성현 원격as 원격솔라피발송
2026-09-10 18:30,원격 AS요청,김봉수,칠곡운암 에듀플렉스 심리상담연구소,1349509877,AS,김기범,,,,,7.4,11.4,자체PC + 프론트,기범 원격기범 원격as
2026-09-10 19:15,원격 AS요청,,디스모먼트,5272600373,AS,심성현,,,,,7.8,7.8,프론트/ 전원 케이블 불량 의심되어 A/S 확인 요청드립니다.,성현_확인 원격성현 원격as 원격솔라피발송
2026-09-10 19:30,원격 AS요청,김봉수,벅타운(bucktown),8490503523,AS,김기범,,,,,11.8,17.2,컴퓨터 + 프론트+프린터,기범 원격기범 원격as
2026-09-10 19:30,원격 AS요청,최승훈,소월길밀영,1061255112,온보딩,최민석,,,,,33.4,33.4,포프(태블릿) + 유프 온보딩요청드립니다,민석확인 원격민석 원격온보딩
2026-09-10 19:30,원격 AS요청,김봉수,엘프의테이블,7160503577,온보딩,최민석,,,,,6.4,33.4,태블릿+프론트 +프린터 온보딩요청,민석확인 원격민석 원격온보딩
2026-09-10 19:45,원격 AS요청,최승훈,예솔음악학원,2189015444,AS,최민석,,,,,38.8,38.8,포프(pc) + 유프 온보딩요청드립니다,민석확인 원격민석 원격as
2026-09-10 20:30,원격 AS요청,최승훈,주헤어,1275800475,AS,최민석,,,,,73.4,92.8,포프(노트북) + 유프 온보딩요청드립니다. 프론트에 전원선을 연결하고 전원버튼을 눌러도 전원이 안들어온다고하십니다,민석확인 원격민석 원격as
2026-09-13 13:00,원격 AS요청,,라벨로타,5175401058,AS,,,,,,13.3,13.3,포프유(노트북) 사용 중 / 프린터기 출력 안되는 부분 문의 주셔서 확인 부탁 드립니다! / 프론트 + 포프 영수증 설정 정샅,성철확인 원격성철 원격as
2026-09-14 10:00,원격 AS요청,최승훈,제이와이(JY) 헤어스토리,5761502775,AS,송태양,,,,,7.4,7.4,포프(pc) 온보딩요청드립니다,태양_확인_ 원격as 원격태양
2026-09-14 12:00,원격 AS요청,,보보스 헤어,8551000748,AS,김현기,,,,,2.2,7.4,프론트 전원이 안들어온다고 하셔서 확인 부탁 드립니다!,현기_확인 원격현기 원격as
2026-09-14 12:15,원격 AS요청,,라베나 필라테스,1353244402,AS,김규빈,,,,,5.9,5.9,지난번처럼 포프(맥북) 재 온보딩 요청하십니다.:꾸벅:(어려워하심),규빈_확인2 원격규빈 원격as
2026-09-14 13:00,원격 AS요청,,(주) 피코스텍,1408114325,AS,서상원,,,,,,,• CAT ID : 3716092000,원격상원 원격as
2026-09-14 14:00,원격 AS요청,최승훈,도토리문구사,8580603499,온보딩,송태양,,,,,34.9,52.8,포프(휴대폰) + 유프 온보딩요청드립니다,태양_확인_ 원격태양 원격온보딩
2026-09-14 14:00,원격 AS요청,최승훈,괜찮아 사당이야,4230503904,온보딩,김현기,,,,,30.5,48.8,포프(태블릿) + 유프 온보딩요청드립니다,현기_확인 원격현기 원격온보딩 원격솔라피발송
2026-09-14 14:00,원격 AS요청,,번영김밥,6140452358,AS,고경림,,,,,15.2,21.7,프린터기에 종이 걸림이 자주 발생하고 여러번 확인하였으나 해결되지 않음. 영수증이 한 번 걸리면 뚜껑이 잘 열리지 않아 힘드시다고 도움 요청 주셨습니다.,경림_확인 원격경림 원격as
2026-09-14 14:00,원격 AS요청,,비스크(Bisque),3800700813,AS,송태양,,,,,15.2,21.7,FDK포스기/ 구버전으로 (윈도우7) 사양 점검 및 교체 여부 문의주셔서 원격 부탁드립니다.,태양_확인_ 원격태양 원격as
2026-09-14 15:00,원격 AS요청,,카츠창조,7046500848,AS,최민석,,,,,4.4,8.7,"포스기 이용중 / 상호 제신고 후 토플파, 밴전산에 변경되어 있고 재온보딩 시도했으나",민석확인 원격민석 원격as 원격솔라피발송
2026-09-14 15:00,원격 AS요청,,드롭탑 오창(하남)휴게소 2호점,7468501500,AS,김기범,,,,,12.9,59.9,포스기 포맷 원격 지원 요청,기범 원격기범 원격as
2026-09-14 15:00,원격 AS요청,,데이바이데이케이크(day by day cake),3911702182,AS,김현기,,,,,4.6,4.6,여기 결국 다시 예약요청들어왔습니다.....,현기_확인 원격현기 원격as
2026-09-14 16:30,원격 AS요청,김봉수,엘지냉동공조,4161282291,온보딩,배선유,,,,,6.4,32.7,컴퓨터 + 프론트+프린터 온보딩요청,선유_확인 원격선유 원격온보딩
2026-09-14 16:45,원격 AS요청,최승훈,먼스왁싱,4943601673,AS,김규빈,,,,,33.3,47.1,포프(아이폰) 온보딩요청드립니다,규빈_확인2 원격규빈 원격as
2026-09-14 17:45,원격 AS요청,최승훈,당근구제샵,5581902310,,최민석,,O,,,16.4,19.5,포프(노트북) 온보딩요청드립니다,민석확인 원격민석 1차_부재 2차_부재
2026-09-14 18:15,원격 AS요청,김봉수,소미당,7421400566,AS,심성현,,,,,,,노트북+프론트+프린,성현_확인 원격성현 원격as
2026-09-14 18:30,원격 AS요청,최승훈,타워식당,2790702490,온보딩,심성현,,,,,2.1,5.6,포프(태블릿) + 유프 온보딩요청드립니다,성현_확인 원격성현 원격온보딩 원격솔라피발송
2026-09-14 18:30,원격 AS요청,김봉수,늘 통합예술 심리상담센터,3169301828,AS,심성현,O,,,,2.1,12.4,컴퓨터+프론트 온보딩,성현_확인 1차_부재 원격성현 원격as 원격솔라피발송
2026-09-14 18:45,원격 AS요청,,소미당,7421400566,온보딩,배선유,,,,,5.9,9.9,노트북+프론트+프린,선유_확인 원격선유 원격온보딩
2026-09-14 19:00,원격 AS요청,김규리,아벨론,5964201422,온보딩,최민석,,,,,2.5,11.3,포프(PC) + 유프 온보딩 요청드립니다.,민석확인 원격민석 원격온보딩 원격솔라피발송
2026-09-14 20:00,원격 AS요청,김봉수,헤어톡,3832700241,온보딩,최민석,,,,,18.9,69.3,포프(pc) + 유프 온보딩요청드립니다,민석확인 원격민석 원격온보딩
2026-09-14 20:00,원격 AS요청,,유한회사 필연,8738503173,온보딩,배선유,,,,,11.5,19,유프 온보딩 요청 드립니다!,선유_확인 원격선유 원격온보딩
2026-09-14 20:30,원격 AS요청,최승훈,스컹크웍스 카공 스터디카페 시흥점,6274801295,온보딩,배선유,,,,,3.8,24.1,프론트 + 터미널2 온보딩요청드립니다. 휴대폰에 토스포스는 설치했다고합니다,선유_확인 원격선유 원격온보딩
2026-09-14 20:45,원격 AS요청,최승훈,제주청소의찐,5445500820,온보딩,최민석,,,,,9.1,17.9,포프(휴대폰) 온보딩요청드립니다,민석확인 원격민석 원격온보딩
2026-09-14 22:00,원격 AS요청,김규리,우리동네 붕어빵,8730903048,온보딩,최민석,,,,,5.3,5.3,"유프 온보딩, 사용 방법 안내 요청드립니다. / 포프 자가설치 하셔서 상태 확인 부탁드립니다.",민석확인 원격민석 원격온보딩
2026-09-15 10:00,원격 AS요청,최승훈,샤인잉글리시 영어교습소,4669601954,AS,배선유,,,,,,,포프(휴대폰) + 유프 온보딩요청드립니다,선유_확인 원격선유 원격as
2026-09-15 10:15,원격 AS요청,최승훈,박가네 먹거리,7752302251,AS,고경림,,,,,,,포프(pc) + 유프 온보딩요청드립니다,경림_확인 원격경림 원격as
2026-09-15 10:30,원격 AS요청,최승훈,더윤뷰티,3821602842,AS,송태양,,,,,,,포프(태블릿) 온보딩요청드립니다,태양_확인_ 원격태양 원격as
2026-09-15 10:45,원격 AS요청,김봉수,오르다국어교습소,3099967106,온보딩,고경림,,,,,2.3,65.8,포프(pc) + 갤 온보딩요청드립니다,경림_확인 원격경림 원격온보딩
2026-09-15 11:45,원격 AS요청,,치유,3824601326,온보딩,송태양,,,,,2.1,9,휴대폰(토스포스)-프론트 온보딩 및 결제 방법 안내 부탁드립니다.,태양_확인_ 원격태양 원격온보딩
2026-09-15 13:00,원격 AS요청,김봉수,제이뷰티룸,8934101501,AS,고경림,,,,,2.7,5.2,핸드폰+프론트,경림_확인 원격경림 원격as
2026-09-15 13:15,원격 AS요청,,박가네 먹거리,7752302251,AS,서상원,,,,,,,포프(pc) + 유프 온보딩요청드립니다,원격상원 원격as
2026-09-15 13:30,원격 AS요청,,스위트홈,1990103788,온보딩,고경림,,,,,14.3,20.3,포프 (휴대폰) 온보딩 요청 드립니다!,경림_확인 원격경림 원격온보딩
2026-09-15 14:00,원격 AS요청,,구움집,2244501630,AS,심성현,,,,,11.4,15.4,포프(태블릿) 배달 연동 요청 드립니다!,성현_확인 원격성현 원격as 원격솔라피발송
2026-09-15 14:00,원격 AS요청,,얼굴필라테스 바이 지(by G),1060464009,AS,고경림,,,,,,,"프2+터미널 사용 매장으로, '일련번호가 맞지 않는다' 문구가 뜬다고 하여 재온보딩 요청드립니다",경림_확인 원격as 원격경림
2026-09-15 14:15,원격 AS요청,,제이와이(JY) 헤어스토리,5761502775,,김동욱,,O,,,,,포프(pc) 온보딩요청드립니다(자체온보딩 하셨다는데 확인 필요),동욱_확인 1차_부재 2차_부재
2026-09-15 14:15,원격 AS요청,,늘 통합예술 심리상담센터,3169301828,온보딩,심성현,,,,,,,컴퓨터+프론트 온보딩,성현_확인 원격성현 원격솔라피발송 원격온보딩
2026-09-15 14:30,원격 AS요청,최승훈,에이치(H) 공감헤어,1770202850,온보딩,서상원,,,,,7.4,7.4,포프(노트북) + 유프 온보딩요청드립니다,원격상원 원격온보딩
2026-09-15 14:30,원격 AS요청,김규리,아담리즈수학동광주센터학원,1899102522,온보딩,김동욱,,,,,7.4,16.6,포프(휴대폰) + 유프 온보딩 요청드립니다. / 사용 방법 안내도 부탁드립니다.,동욱_확인 원격동욱 원격온보딩 원격솔라피발송
2026-09-15 14:30,원격 AS요청,최승훈,스텔라영어교습소,5089529278,AS,심성현,,,,,2.4,4.8,포프(pc) + 유프 온보딩요청드립니다,성현_확인 원격성현 원격as
2026-09-15 15:00,원격 AS요청,최승훈,루아루아,4740103883,AS,고경림,,,,,9.2,9.2,포프(노트북) + 유프 온보딩요청드립니다,경림_확인 원격경림 원격as
2026-09-15 15:10,원격 AS요청,,샤인잉글리시 영어교습소,4669601954,온보딩,고경림,,,,,3,13.3,포프(휴대폰) + 유프 온보딩요청드립니다,경림_확인 원격경림 원격온보딩
2026-09-15 16:00,원격 AS요청,최승훈,소소라운지,3451103060,온보딩,송태양,,,,,15.3,18.3,포프(노트북) + 유프 온보딩요청드립니다,태양_확인_ 원격태양 원격온보딩
2026-09-15 16:00,원격 AS요청,김봉수,유앤에프,6596000878,온보딩,고경림,,,,,15.4,43.3,핸드폰 +프론트,경림_확인 원격경림 원격온보딩 원격솔라피발송
2026-09-15 16:00,원격 AS요청,최승훈,어글리 포테토,1460403714,AS,고경림,,,,,12.3,12.3,포프(태블릿-기기추가로 2개) + 유프 온보딩요청드립니다,경림_확인 원격경림 원격as
2026-09-15 16:15,원격 AS요청,,구움집,2244501630,AS,최민석,,,,,28.4,28.4,포프(태블릿) 배달 연동 요청 드립니다!,민석확인 원격민석 원격as
2026-09-15 16:45,원격 AS요청,김봉수,노아인쇄소,4491003292,온보딩,김현기,,,,,7.9,12.4,태블릿 + 프론트 +프린터 온보딩,현기_확인 원격현기 원격온보딩 원격솔라피발송
2026-09-15 17:00,원격 AS요청,최승훈,코노미야,5211901978,,,,O,,,2.3,2.3,포프(노트북) + 유프 온보딩요청드립니다,1차_부재 2차_부재
2026-09-15 17:15,원격 AS요청,김봉수,레코베베,5690403561,온보딩,심성현,,,,,17.8,23.4,핸드폰+프론트,성현_확인 원격성현 원격온보딩 원격솔라피발송
2026-09-15 18:00,원격 AS요청,김봉수,주식회사 청년이그린영주,1778103984,AS,최민석,O,,,,5,5,터미널+프론트 핫스팟 온보딩 방법 및 와이파이 변경방법,민석확인 원격민석 1차_부재 원격as
2026-09-15 18:00,원격 AS요청,김봉수,태평하개,1580202747,AS,최민석,,,,,,,포스기 + 프론트 + 프린터 .,민석확인 원격민석 원격as
2026-09-15 18:00,원격 AS요청,최승훈,서정리 이발소,3114501462,온보딩,최민석,O,,,,,,포프(휴대폰) + 유프 온보딩요청드립니다,민석확인 원격민석 1차_부재 원격온보딩
2026-09-15 18:00,원격 AS요청,최승훈,제주:결,3041819823,온보딩,배선유,,,,,,,포프(pc) 온보딩요청드립니다(6시에 예약건수가 있어서 대기시간 있을 수 있는 점 안내드렸습니다),선유_확인 원격선유 원격온보딩
2026-09-15 18:30,원격 AS요청,,태평하개,1580202747,온보딩,최민석,,,,,,,포스기 + 프론트 + 프린터 .,민석확인 원격민석 원격온보딩
2026-09-15 18:30,원격 AS요청,최승훈,수원매탄삼성1차교실,4999302194,온보딩,최민석,,,,,54.4,54.4,포프(노트북) 온보딩요청드립니다,민석확인 원격민석 원격온보딩
2026-09-15 18:30,원격 AS요청,최승훈,이담음악학원,4429102160,온보딩,최민석,,,,,36.8,40.9,포프(태블릿) + 터미널2 온보딩요청드립니다,민석확인 원격민석 원격온보딩
2026-09-15 19:00,원격 AS요청,최승훈,아주르커피(AJOUR coffee),7036900504,온보딩,최민석,,,,,40,40,포프(태블릿) + 유프 온보딩요청드립니다,민석확인 원격민석 원격온보딩
2026-09-15 19:30,원격 AS요청,최승훈,소토(SOTTO),1640803364,온보딩,최민석,,,,,34.9,48.4,포프(휴대폰) + 유프 온보딩요청드립니다,민석확인 원격민석 원격온보딩
2026-09-15 19:45,원격 AS요청,김봉수,마치꽃(March flower),6549901853,온보딩,최민석,,,,,47.4,51.9,포프(태블릿) + 유프 온보딩요청드립니다,민석확인 원격민석 원격온보딩
2026-09-15 20:45,원격 AS요청,김봉수,우노팜,1561002877,AS,최민석,,,,,21.5,25.3,노트북+프론트,민석확인 원격민석 원격as
2026-09-15 21:00,원격 AS요청,최승훈,자연사랑코스메틱,4750801363,온보딩,최민석,,,,,10.1,22.7,포프(노트북) 온보딩요청드립니다,민석확인 원격민석 원격온보딩
2026-09-16 09:00,원격 AS요청,김봉수,본 광 디테일링,8672002485,AS,김규빈,,,,,8.7,8.7,핸드폰+프론트,규빈_확인2 원격규빈 원격as
2026-09-16 09:30,원격 AS요청,,본 광 디테일링,8672002485,온보딩,김규빈,,,,,,,핸드폰+프론트,규빈_확인2 원격규빈 원격온보딩
2026-09-16 10:15,원격 AS요청,김봉수,유앤유영어(you&yu),8199401886,AS,심성현,,,,,2.1,9,노트북+프론트,성현_확인 원격성현 원격as 원격솔라피발송
2026-09-16 10:15,원격 AS요청,,리딩스타 (주),2158762031,AS,김동욱,,,,,5.8,108.6,*[다중 TID -> OFFPG로 전환]*,eyes clock1030 동욱_확인 원격동욱 원격as 원격솔라피발송
2026-09-16 10:30,원격 AS요청,김규리,연세YT어학원,1479400254,AS,김동욱,O,,,,13.4,70.3,"포프(휴대폰, PC) + 유프 온보딩 요청드립니다. / 사용 방법 안내 부탁드립니다. (등록생 별 학원비 설정 필요)",동욱_확인 1차_부재 원격as 원격동욱
2026-09-16 10:30,원격 AS요청,,요소수아울렛북광주점,2254601135,AS,김현기,O,,,,11.8,23.3,프론트 미니키오스크 모드로 사용중인데 카드를 꽂고 결제 진행중 로딩에서 더이상 결제 넘어가지 않아 기기 점검 부탁드립니다!,현기_확인 1차_부재 원격현기 원격as
2026-09-16 10:45,원격 AS요청,최승훈,커피가게클래식924,5676400219,AS,김현기,,,,,22.8,30.7,"포프(pc) + 유프 온보딩요청드립니다. 기존에 사용하는 금전함이 있는데, 연동가능한지 확인해달라고하십니다",현기_확인 원격현기 원격as
2026-09-16 10:45,원격 AS요청,최승훈,라피오레 오산점,3760603721,온보딩,심성현,,,,,22.8,26.9,포프(태블릿) + 유프 온보딩요청드립니다,성현_확인 원격성현 원격솔라피발송 원격온보딩
2026-09-16 11:00,원격 AS요청,김규리,희망미술학원,2999901660,온보딩,김규빈,,,,,15.7,20.5,터프 온보딩 요청드립니다.,규빈_확인2 원격규빈 원격온보딩
2026-09-16 11:00,원격 AS요청,최승훈,주식회사 유메이드엔터테인먼트,7788103787,온보딩,서상원,,,,,15.7,15.7,포프(pc) 온보딩요청드립니다,원격상원 원격온보딩
2026-09-16 11:15,원격 AS요청,최승훈,카페 데이트(Cafe Date),6242402095,온보딩,심성현,,,,,17.2,101.5,포프(pc) 온보딩요청드립니다,성현_확인 원격성현 원격온보딩 원격솔라피발송
2026-09-16 11:15,원격 AS요청,김규리,플랜에이 스터디카페 김해삼계센터,8954301006,온보딩,송태양,,,,,17.2,22.8,사용 방법 어려움으로 도움 부탁드립니다.,태양_확인_ 원격태양 원격온보딩
2026-09-16 11:30,원격 AS요청,최승훈,심지,2423601145,AS,고경림,,,,,10.3,13.4,포프(태블릿) + 유프 온보딩요청드립니다,경림_확인 원격as 원격경림
2026-09-16 11:30,원격 AS요청,최승훈,트윈파크 매점,2610503965,AS,심성현,,,,,8.8,10.3,포프(태블릿) + 유프 온보딩요청드립니다,성현_확인 원격성현 원격as
2026-09-16 12:00,원격 AS요청,최승훈,보드람치킨 충북혁신점,8662501907,,,,,O,,,,포프(기존포스기-가이드에 나와있는 사양 충족한다고하심) + 유프 온보딩요청드립니다. 기존 사용하던 프린터 연동가능한지도 여쭤보십니다.,중복2
2026-09-16 12:00,원격 AS요청,,요소수아울렛북광주점,2254601135,AS,김현기,,,,,,,키오스크 vcat 관련 확인 <@U08EC94GYTU>,현기_확인 원격현기 원격as
2026-09-16 12:15,원격 AS요청,,연세YT어학원,1479400254,온보딩,김규빈,,,,,5.1,25.3,"포프(PC) + 유프 온보딩 요청드립니다. / 사용 방법 안내 부탁드립니다. (등록생 별 학원비 설정 필요) / 프론트, 프린터 전원연결해두시라 안내드림",규빈_확인2 원격규빈 원격온보딩
2026-09-16 12:30,원격 AS요청,,트윈파크 매점,2610503965,온보딩,심성현,,,,,,,포프(태블릿) + 유프 온보딩요청드립니다,성현_확인 원격성현 원격온보딩 원격솔라피발송
2026-09-16 13:00,원격 AS요청,최승훈,꾸잇,1181173213,AS,서상원,,,,,10.4,10.4,포프(노트북) 온보딩요청드립니다,원격상원 원격as
2026-09-16 13:00,원격 AS요청,김규리,라이프디자인랩로움,3185301041,AS,서상원,,,,,6.2,10.4,프론트 사용 방법 안내 및 프론트 설정 상태 확인 부탁드립니다!,원격상원 원격as
2026-09-16 13:00,원격 AS요청,김봉수,애견유치원 애견호텔 댕봄 소수케어센터,7892302283,AS,서상원,,,,,6.3,6.3,갤탭+프론트,원격상원 원격as
2026-09-16 13:30,원격 AS요청,김규리,이루다 학원,6029669943,AS,배선유,,,,,16.2,16.2,유프 온보딩 요청드립니다. / 포프 설치는 완료 / 사용 방법 안내 부탁드립니다.,선유_확인 원격선유 원격as
2026-09-16 13:52,원격 AS요청,김봉수,주식회사 청년이그린영주,1778103984,AS,고경림,,,,,4.7,21.4,터미널+프론트 핫스팟 온보딩 방법 및 와이파이 변경방법,경림_확인 원격경림 원격as
2026-09-16 14:00,원격 AS요청,최승훈,더(the) 채움,4313200073,온보딩,김동욱,,,,,4.7,17.9,포프(pc) 온보딩요청드립니다,동욱_확인 원격동욱 원격온보딩 원격솔라피발송
2026-09-16 14:00,원격 AS요청,,꾸잇,1181173213,온보딩,송태양,,,,,4.7,24.4,포프(노트북) 온보딩요청드립니다,태양_확인_ 원격태양 원격온보딩
2026-09-16 14:15,원격 AS요청,,스텔라영어교습소,5089529278,AS,송태양,O,,,,9.4,20.2,포프(pc) + 유프 온보딩요청드립니다,태양_확인_ 1차_부재 원격태양 원격as
2026-09-16 14:45,원격 AS요청,최승훈,화실 도림,1092033107,온보딩,심성현,,,,,9.3,17.2,포프(pc) 온보딩요청드립니다,원격성현 원격온보딩 원격솔라피발송
2026-09-16 14:45,원격 AS요청,김봉수,해밀,8812802186,온보딩,고경림,,,,,6.3,9.3,아이패드+프론트+프린터 온보딩,경림_확인 원격경림 원격온보딩
2026-09-16 15:00,원격 AS요청,최승훈,연대음악학원,1289050250,AS,고경림,,,,,13.3,21.3,포프(휴대폰) + 유프 온보딩요청드립니다,경림_확인 원격as 원격경림
2026-09-16 15:00,원격 AS요청,,이루다 학원,6029669943,AS,심성현,,,,,5.9,17.4,유프 온보딩 요청드립니다. / 포프 설치는 완료 / 사용 방법 안내 부탁드립니다.,원격성현 원격as 원격솔라피발송
2026-09-16 15:00,원격 AS요청,최승훈,빙수푼,6197300512,,배선유,,O,,,6,,포프(노트북) + 유프 온보딩요청드립니다,1차_부재 원격선유 2차_부재
2026-09-16 15:40,원격 AS요청,,부석콩이야기,8871302405,AS,서상원,,,,,2.4,2.4,"nm2000 면세설정방법, 결제 후 출력테스트 필요",원격상원 원격as
2026-09-16 16:00,원격 AS요청,최승훈,알찬유통,8739101860,AS,송태양,,,,,8.3,8.3,포프(노트북) + 유프,태양_확인_ 원격as 원격태양
2026-09-16 16:15,원격 AS요청,최승훈,브런치 숲(BRUNCH SOOP),3526000962,온보딩,심성현,,,,,13.6,31.6,"포프(휴대폰) + 유프 온보딩요청드립니다, 전일에 중고 포스기로 자가설치한다고하셨는데(부팅중이라 사양확인불가), 안 될경우 휴대폰으로 설치한다고합니다",원격성현 원격온보딩 원격솔라피발송
2026-09-16 16:30,원격 AS요청,,알찬유통,8739101860,AS,송태양,,,,,,,포프(노트북) + 유프,태양_확인_ 원격태양 원격as
2026-09-16 16:30,원격 AS요청,최승훈,구월,2831403045,온보딩,송태양,,,,,13.5,16.6,포프(태블릿) 온보딩요청드립니다,태양_확인_ 원격태양 원격온보딩
2026-09-16 16:45,원격 AS요청,,하카 트레이닝 (HACA TRAINING)#2,3927400744,AS,김현기,,,,,5.7,25.9,문화비 복수가맹 신청에 따른 [터프] 재온보딩 요청 드립니다.,현기_확인 원격현기 원격as
2026-09-16 17:00,원격 AS요청,,주식회사 감귤여행사,8628704064,AS,송태양,,,,,2.6,2.6,포프(휴대폰) 재온보딩 도움 요청드립니다. (17시경),태양_확인_ 원격태양 원격as
2026-09-16 17:30,원격 AS요청,,주식회사 감귤여행사,8628704064,AS,고경림,,,,,,,포프(휴대폰) 재온보딩 도움 요청드립니다.,경림_확인 원격경림 원격as
2026-09-16 18:00,원격 AS요청,최승훈,위드케어 복지용구센터,5180703429,AS,최민석,,,,,10.5,10.5,포프(pc) + 유프 온보딩요청드립니다,민석확인 원격민석 원격as
2026-09-16 18:00,원격 AS요청,최승훈,하츠,2225700884,AS,고경림,,,,,10.6,14.9,포프(휴대폰) + 포프 온보딩요청드립니다,경림_확인 원격as 원격경림
2026-09-16 18:15,원격 AS요청,,주식회사 감귤여행사,8628704064,AS,최민석,,,,,8.2,16.8,포프(휴대폰) 재온보딩 도움 요청드립니다.,민석확인 원격민석 원격as
2026-09-16 18:30,원격 AS요청,김봉수,호성영어교습소,2569001603,온보딩,최민석,,,,,,,컴퓨터 + 프론트 온보딩요청,민석확인 원격민석 원격온보딩
2026-09-16 18:30,원격 AS요청,최승훈,탐정언니,4684300936,온보딩,배선유,,,,,,,포프(pc) 온보딩요청드립니다,선유_확인 원격선유 원격온보딩
2026-09-16 19:00,원격 AS요청,김봉수,24시무인 상냥한카페 이매점,2262652075,온보딩,최민석,,,,,2.5,13.8,태블릿+프론트+프린터,민석확인 원격민석 원격온보딩
2026-09-16 19:45,원격 AS요청,김봉수,심봉사 도로케 비트플렉스점,4050964589,,최민석,,O,,,22.9,,컴퓨터 + 프론트 온보딩요청,민석확인 원격민석 1차_부재 2차_부재
2026-09-16 20:00,원격 AS요청,최승훈,결인선 뷰티랩,3400303643,,,,,,O,,,"포프(휴대폰) 온보딩요청드립니다. 프론트는 설치되었는데, 토스포스 설치가 안 되어있습니다",x
2026-09-17 09:30,원격 AS요청,,마이요거트립 인덕원점,3081553948,AS,김동욱,,,,,2.3,8.3,메이트 > 토스포스 프로그램 교체 후 온보딩 요청 / 본사와 협의되어서 토스포스 사용이 가능하다고 함,동욱_확인 원격as 원격동욱
2026-09-17 10:45,원격 AS요청,김규리,원당클라이영어페르마수학CPS문해력센터학원,1379158495,AS,고경림,,,,,9.1,13,사용 방법 안내 요청드립니다. / 고령,경림_확인 원격as 원격경림
2026-09-17 11:00,원격 AS요청,김규리,라이프디자인랩로움,3185301041,AS,김동욱,,,,,4.4,5.8,금액 입력 결제 모드로 결제 시도했는데 오류 문구가 뜬다고 하십니다. 확인 부탁드립니다!,동욱_확인 원격동욱 원격as 원격솔라피발송
2026-09-17 11:00,원격 AS요청,최승훈,제이케이 랩(JK LAB),2321702864,AS,고경림,,,,,5.8,9.2,포프(pc) + 유프 온보딩요청드립니다. 혹시나 컴퓨터로 안될경우 태블릿도 가능하다고하십니다,경림_확인 원격as 원격경림
2026-09-17 11:00,원격 AS요청,김규리,이시춘 행정사사무소,7144901086,온보딩,송태양,,,,,5.8,12.7,포프 온보딩 요청드립니다. / 사용 방법 안내도 부탁드립니다!,태양_확인_ 원격태양 원격온보딩
2026-09-17 11:00,원격 AS요청,최승훈,서아농원,8209201387,AS,송태양,,,,,4.4,5.8,포프(태블릿) 온보딩요청드립니다,태양_확인_ 원격태양 원격as
2026-09-17 12:00,원격 AS요청,김봉수,엔느(ENNE),4854401451,온보딩,심성현,,,,,,,핸드폰+프론트 온보딩.,원격성현 원격온보딩 원격솔라피발송
2026-09-17 12:00,원격 AS요청,김봉수,하모니음악학원,5202302194,AS,심성현,O,,,,,,컴퓨터 + 프론트+프린터,성현_확인 원격성현 1차_부재 원격as
2026-09-17 13:00,원격 AS요청,최승훈,오토브릿지(AUTO BRIDGE),7631802399,AS,고경림,O,,,,4.9,50.2,포프(pc) 온보딩요청드립니다,경림_확인 1차_부재 원격경림 원격as
2026-09-17 13:15,원격 AS요청,최승훈,샘탁구아카데미&탁구용품점,6716400745,AS,고경림,,,,,6.5,6.5,포프(pc) +유프 온보딩요청드립니다,경림_확인 원격경림 원격as
2026-09-17 13:30,원격 AS요청,최승훈,엠제이 빈티지(MJ Vintage),6615900730,온보딩,김규빈,,,,,2.7,23.7,포프(노트북) + 유프 온보딩요청드립니다,규빈_확인2 원격규빈 원격온보딩
2026-09-17 14:00,원격 AS요청,최승훈,바비수(vavisoo),2131802424,AS,송태양,,,,,8.4,11.5,프론트 + 터미널2 온보딩요청드립니다,태양_확인_ 원격태양 원격as
2026-09-17 14:00,원격 AS요청,김봉수,선은손두부,2162273037,온보딩,김현기,,,,,5.7,11.5,태블릿+프론트 온보딩,현기_확인 원격현기 원격온보딩
2026-09-17 14:00,원격 AS요청,최승훈,루나수학교습소,3089102628,온보딩,배선유,,,,,5.7,39.9,포프(pc) + 유프 온보딩요청드립니다,선유_확인 원격선유 원격온보딩
2026-09-17 14:00,원격 AS요청,,키메사 (KIMESA) TILE & AGIT,2904301313,AS,김동욱,,,,,5.7,8.5,"프린터기 용지가 갑자기 나오지 않는데 다시 안내드렸으나 어려워하셔서 위 번호로 영상통화 요청드렸습니다.(단, 전화주신 분과 남겨져있는 연락처는 다른분이셔서 위 번호는 현재 상황을 모르실 수 도 있는부분 양해부탁드립니",동욱_확인 원격as 원격동욱 원격솔라피발송
2026-09-17 14:30,원격 AS요청,김규리,바로종합학원,5099130538,AS,고경림,,,,,2.2,28.5,포프(휴대폰) 온보딩 요청드립니다. / 학원에서 편하게 사용할 수 있는 방법에 관련하여 자세한 안내 원하십니다.,경림_확인 원격경림 원격as
2026-09-17 14:45,원격 AS요청,김규리,가츠라,5090520338,,김동욱,,O,,,2.2,,매장 포스기 + 프론트 온보딩 요청드립니다. / 사용 방법 안내 요청드립니다.,동욱_확인 1차_부재 2차_부재
2026-09-17 15:00,원격 AS요청,김봉수,하모니음악학원,5202302194,AS,심성현,,,,,11.4,16.8,컴퓨터 + 프론트+프린터,원격성현 원격as
2026-09-17 15:00,원격 AS요청,,알지(RG) 미용실,7220900568,AS,심성현,,,,,,,"포프(휴대폰, 노트북) 온보딩 요청드립니다. / 사용방법 안내 부탁드립니다. (부재건 재요청)",원격성현 원격as
2026-09-17 15:15,원격 AS요청,,샘탁구아카데미&탁구용품점,6716400745,AS,심성현,O,,,,10.8,65.3,포프(pc) +유프 온보딩요청드립니다,원격성현 1차_부재 원격as
2026-09-17 15:30,원격 AS요청,최승훈,별아동심리발달센터,7739101314,온보딩,심성현,,,,,15.5,19.5,포프(pc) + 터미널2 온보딩요청드립니다,원격성현 원격솔라피발송 원격온보딩
2026-09-17 15:45,원격 AS요청,김규리,끌로디아,1773100930,온보딩,배선유,,,,,16.6,31.8,포프(휴대폰) 온보딩 요청드립니다. / 고령 / 자세한 사용 방법 안내 요청드립니다. / 이전에 사용하던 프로그램 (공비서) 정보를 토스 포스에 옮길 수 있는지 문의 하셨습니다.,원격선유 원격온보딩
2026-09-17 15:45,원격 AS요청,김봉수,서재의 잔,5882802050,온보딩,최민석,,,,,8.3,26,핸드폰+프론트 온보딩,민석확인 원격민석 원격온보딩
2026-09-17 16:00,원격 AS요청,최승훈,수기네상회,8953201859,,,,,,O,,,프론트 + 터미널2 온보딩요청드립니다,x
2026-09-17 16:00,원격 AS요청,김규리,뷰티로그,1161167826,온보딩,고경림,,,,,16.7,24.4,"포프(휴대폰, 노트북) 온보딩 요청드립니다.",경림_확인 원격경림 원격온보딩
2026-09-17 16:15,원격 AS요청,최승훈,아이스네일스튜디오,3793901808,온보딩,고경림,,,,,24.6,29.6,포프(태블릿) 온보딩요청드립니다,경림_확인 원격경림 원격온보딩
2026-09-17 16:15,원격 AS요청,,제이케이 랩(JK LAB),2321702864,온보딩,고경림,,,,,,,포프(pc) + 유프 온보딩요청드립니다. 혹시나 컴퓨터로 안될경우 태블릿도 가능하다고하십니다,경림_확인 원격경림 원격온보딩
2026-09-17 16:45,원격 AS요청,최승훈,강기랑 고등영어 학원,8609500320,온보딩,심성현,,,,,13.5,18,포프(pc) + 유프 온보딩요청드립니다,원격성현 원격온보딩 원격솔라피발송
2026-09-17 16:45,원격 AS요청,최승훈,(Wish&Cake)소원을 이루는 케이크,6220704275,온보딩,송태양,,,,,7.8,22.4,포프(태블릿) + 유프 온보딩요청드립니다,태양_확인_ 원격태양 원격온보딩 원격솔라피발송
2026-09-17 17:00,원격 AS요청,최승훈,멍플랙스,4290102884,온보딩,심성현,,,,,16.8,28.4,포프(태블릿) + 유프 온보딩요청드립니다,원격성현 원격온보딩 원격솔라피발송
2026-09-17 17:00,원격 AS요청,김봉수,레이브필라테스,5264201438,온보딩,심성현,,,,,12.3,28.4,노트북+프론트,원격성현 원격온보딩 원격솔라피발송
2026-09-17 17:00,원격 AS요청,최승훈,오잉크 (oh!ink),1475600965,온보딩,심성현,,,,,9.3,25.2,포프(휴대폰-공기계) 온보딩요청드립니다(예약된 분이 있어서 대기시간 있는 점 안내했습니다,원격성현 원격온보딩 원격솔라피발송
2026-09-17 17:00,원격 AS요청,최승훈,쁘니네일,1094124883,온보딩,고경림,,,,,5.3,37.9,포프(노트북) + 터미널2 온보딩요청드립니다,경림_확인 원격경림 원격온보딩
2026-09-17 17:59,원격 AS요청,,보보스 헤어,8551000748,AS,배선유,,,,,14.5,14.5,<https://w1659946222-hxm266180.slack.com/archives/C09HRUSG4TX/p1789354803160439|9/14>과 동일하게 방전 증상 발생되어 알려주신 방법으로 조치를 하긴 ,원격선유 원격as
2026-09-17 18:00,원격 AS요청,최승훈,대영상사,3526100197,온보딩,심성현,,,,,21.3,32.4,포프(pc) + 유프 온보딩요청드립니다,원격성현 원격온보딩 원격솔라피발송
2026-09-17 18:00,원격 AS요청,최승훈,아이픽스온,5244301268,온보딩,송태양,,,,,21.3,35.8,포프(노트북) + 유프 온보딩요청드립니다,태양_확인_ 원격태양 원격온보딩
2026-09-17 18:30,원격 AS요청,최승훈,아리양,4810503609,온보딩,최민석,,,,,17.8,32.8,포프(휴대폰) + 유프 온보딩요청드립니다,민석확인 원격민석 원격온보딩
2026-09-17 18:30,원격 AS요청,,대성 원예,6969001723,온보딩,심성현,,,,,9.4,13.5,포프(휴대폰) 온보딩 도움 요청드립니다. (18시 30분 이후),원격성현 원격솔라피발송 원격온보딩
2026-09-17 18:30,원격 AS요청,최승훈,헤어블랙,7657800635,온보딩,김규빈,,,,,2.4,19.4,포프(pc) + 유프 온보딩요청드립니다,규빈_확인2 원격규빈 원격온보딩
2026-09-17 19:00,원격 AS요청,김봉수,아트앤700,2261189092,온보딩,최민석,,,,,19.4,87,노트북+프론트+터미널,민석확인 원격민석 원격온보딩
2026-09-17 19:15,원격 AS요청,,샘탁구아카데미&탁구용품점,6716400745,온보딩,최민석,,,,,26.4,78,포프(폰) +유프 온보딩요청드립니다,민석확인 원격민석 원격온보딩
2026-09-17 19:15,원격 AS요청,김봉수,라헤어,8193800431,온보딩,최민석,,,,,16.9,41.9,프론트+터미널 단독결제모드로 사용한다함 . 온보딩요청,민석확인 원격민석 원격온보딩
2026-09-17 20:00,원격 AS요청,김봉수,톤37,8852402405,온보딩,최민석,,,,,47.8,64,태블릿+프론트+터미널 온보딩,민석확인 원격민석 원격온보딩
2026-09-17 20:00,원격 AS요청,최승훈,속초아띠랑스,5033338605,,최민석,,O,,,47.8,,포프(휴대폰) + 유프 온보딩요청드립니다,민석확인 원격민석 1차_부재 2차_부재
2026-09-17 21:00,원격 AS요청,최승훈,그린식탁 (Green Table),2111155187,온보딩,최민석,,,,,21.3,51.3,포프(노트북) + 유프 온보딩요청드립니다,민석확인 원격민석 원격온보딩
2026-09-17 22:00,원격 AS요청,최승훈,디자인 스튜디오:undesignated,4630203051,온보딩,최민석,,,,,17.2,22.6,포프(휴대폰) + 터미널2 온보딩요청드립니다,민석확인 원격민석 원격온보딩
2026-09-17 22:00,원격 AS요청,,미식공감,5560403473,AS,최민석,,,,,22.7,50.8,오케이포스로 교체한 매장/ 케이블 찾아서 원격 설치 지원 요청드립니다.,민석확인 원격민석 원격as
2026-09-17 22:00,원격 AS요청,김봉수,원픽영어전문학원,1719202436,온보딩,최민석,,,,,9.9,17.3,태블릿+프론트+프린터 온보딩요청,민석확인 원격민석 원격온보딩
2026-09-18 09:30,원격 AS요청,,팀레드폭스 복싱&MMA,3029604109,AS,심성현,,,,,3.3,8.8,"영수증 프린터기 - 테스트 출력까지는 완료됐는데, 실제 영수증은 안 올라온다고 문의주셨습니다.",원격성현 원격as 원격솔라피발송
2026-09-18 09:30,원격 AS요청,,마이요거트립 인덕원점,3081553948,AS,고경림,,,,,3.3,76.5,메이트 > 토스포스 프로그램 교체 후 온보딩 요청 / 본사와 협의되어서 토스포스 사용이 가능하다고 함 / 토스포스 메뉴등록 확인,경림_확인 원격경림 원격as
2026-09-18 10:00,원격 AS요청,김규리,하이딕창의사고력학원,1089225805,AS,심성현,,,,,7.3,7.3,포프(노트북) + 유프 온보딩 요청드립니다. / <https://w1659946222-hxm266180.slack.com/archives/C09HRUSG4TX/p1788846300376039|예전 원격 부재건>,원격성현 원격as
2026-09-18 10:00,원격 AS요청,최승훈,311도시락,2921103219,AS,심성현,,,,,,,포프(태블릿) + 유프 온보딩요청드립니다,원격성현 원격as
2026-09-18 10:45,원격 AS요청,김봉수,장승희헤어,2431901495,AS,심성현,,,,,4.5,9.8,노트북+프론트+프린터 온보딩,원격성현 원격as
2026-09-18 11:00,원격 AS요청,최승훈,김포아름한복,5735201001,AS,배선유,,,,,7.3,21.4,포프(노트북) + 유프 온보딩요청드립니다,원격선유 원격as
2026-09-18 11:00,원격 AS요청,김봉수,플랜츠바이하품(PBH),5649800516,,김규빈,,O,,,4.9,,터미널+프론트 온보딩,규빈_확인2 1차_부재 2차_부재
2026-09-18 11:15,원격 AS요청,최승훈,네일이든,6744701144,AS,배선유,,,,,6.5,10.2,포프(노트북) 온보딩요청드립니다,원격선유 원격as
2026-09-18 11:15,원격 AS요청,,하이딕창의사고력학원,1089225805,온보딩,송태양,O,,,,2.9,13.2,포프(노트북) + 유프 온보딩 요청드립니다. / <https://w1659946222-hxm266180.slack.com/archives/C09HRUSG4TX/p1788846300376039|예전 원격 부재건>,태양_확인_ 1차_부재 원격태양 원격온보딩
2026-09-18 11:30,원격 AS요청,,장승희헤어,2431901495,AS,배선유,,,,,6.3,6.3,노트북+프론트+프린터 온보딩,원격선유 원격as
2026-09-18 11:30,원격 AS요청,최승훈,영주공유오피스 드림워커 비상주사무실,4797900518,온보딩,심성현,,,,,2.3,14.3,포프(노트북) 온보딩요청드립니다,원격성현 원격온보딩 원격솔라피발송
2026-09-18 12:00,원격 AS요청,최승훈,창조가인보컬아카데미,4440200484,온보딩,송태양,,,,,2.8,13.8,포프(태블릿) + 유프 온보딩요청드립니다,태양_확인_ 원격태양 원격온보딩
2026-09-18 12:30,원격 AS요청,최승훈,문정해,8269602024,AS,송태양,,,,,5.8,10.8,포프(휴대폰) + 유프 온보딩요청드립니다. 휴대폰 핫스팟 이용한다고 합니다,태양_확인_ 원격as 원격태양
2026-09-18 13:00,원격 AS요청,최승훈,뉴욕영어학원,6219309116,온보딩,고경림,,,,,9.8,54.8,포프(노트북) 온보딩요청드립니다(대표자가 아닌 직원 설치),경림_확인 원격경림 원격온보딩
2026-09-18 13:00,원격 AS요청,김봉수,링키방화역점영어교습소,1869202160,,,,,O,,3.3,3.3,노트북+프론트,중복2
2026-09-18 13:00,원격 AS요청,,캉코(KANGCO),4732401810,AS,고경림,,,,,3.3,6.8,프론트 IC 인식 안된다고 하셔서 확인 요청 드립니다!,경림_확인 원격경림 원격as
2026-09-18 13:45,원격 AS요청,김봉수,베일즈 대구점,1442002209,온보딩,송태양,,,,,25.6,25.6,컴퓨터 + 프론트,태양_확인_ 원격태양 원격온보딩
2026-09-18 14:00,원격 AS요청,김규리,꼬아꼬아,6692301923,온보딩,송태양,,,,,32.4,35.9,핫스팟 연결 후 결제 취소 시 '동일한 와이파이 연결 필요' 문구가 뜬다고 합니다 / 핫스팟 연결 확인했으나 문제 해결 X / 프론트 배경화면 설정 방법 안내 부탁드립니다.,태양_확인_ 원격태양 원격온보딩
2026-09-18 14:00,원격 AS요청,최승훈,한국풍수지리연구원,3100122664,온보딩,고경림,,,,,47.2,127.4,포프(pc) 온보딩요청드립니다,경림_확인 원격경림 원격온보딩
2026-09-18 14:00,원격 AS요청,,311도시락,2921103219,온보딩,최민석,O,,,,47.3,90.6,포프(태블릿) + 유프 온보딩요청드립니다,민석확인 원격민석 1차_부재 원격온보딩
2026-09-18 14:15,원격 AS요청,최승훈,플랜비 웰니스 센터(PlanB wellness center),2432502480,AS,배선유,,,,,35.8,37.8,포프(태블릿) + 유프 온보딩요청드립니다,원격선유 원격as
2026-09-18 14:30,원격 AS요청,최승훈,모하뷰티,3742302174,온보딩,배선유,O,,,,22.8,32.3,포프(노트북) 온보딩요청드립니다,원격선유 1차_부재 원격온보딩
2026-09-18 14:30,원격 AS요청,,문정해,8269602024,AS,고경림,,,,,22.8,22.8,포프(휴대폰) + 유프 온보딩요청드립니다. 휴대폰 핫스팟 이용한다고 합니다,경림_확인 원격as 원격경림
2026-09-18 14:45,원격 AS요청,,네일이든,6744701144,온보딩,심성현,,,,,23.8,35.3,포프(노트북) 온보딩요청드립니다,원격성현 원격온보딩 원격솔라피발송
2026-09-18 14:45,원격 AS요청,최승훈,어라운드 필라테스,8993201910,온보딩,김규빈,,,,,17.3,32.7,포프(휴대폰) + 유프 온보딩요청드립니다,규빈_확인2 원격규빈 원격온보딩
2026-09-18 14:45,원격 AS요청,최승훈,오브뷰티,4794901387,온보딩,김규빈,,,,,17.3,35.3,포프(노트북) 온보딩요청드립니다,규빈_확인2 원격규빈 원격온보딩
2026-09-18 15:00,원격 AS요청,김봉수,더지샘(THE GSAM)학원,1379202396,온보딩,송태양,,,,,20.3,26.2,노트북+프론트,태양_확인_ 원격태양 원격온보딩
2026-09-18 15:00,원격 AS요청,최승훈,어니핀,5162202636,온보딩,심성현,O,,,,20.3,57.8,포프(노트북) + 유프 온보딩요청드립니다,원격성현 1차_부재 원격온보딩 원격솔라피발송
2026-09-18 15:00,배달요청,,피스치,5951503101,AS,최민석,,,,,34,34,쿠팡이츠 주문접수 프로그램 설치 후 로그인한 사진 1장 / 스티커 부착된 매장 외관 사진 1장 (간판 나오게),민석확인 원격민석 원격as
2026-09-18 15:30,원격 AS요청,최승훈,보물옷장,6460303798,온보딩,배선유,,,,,12.1,37.3,포프(휴대폰) + 유프 온보딩요청드립니다. 휴대폰 핫스팟 사용하신다고합니다,원격선유 원격온보딩
2026-09-18 15:30,원격 AS요청,최승훈,라베리아 메이크업하우스,4801802780,AS,배선유,O,,,,12.2,17.2,포프(노트북) 온보딩요청드립니다,원격선유 1차_부재 원격as
2026-09-18 15:30,원격 AS요청,,문정해,8269602024,온보딩,고경림,,,,,,,포프(휴대폰) + 유프 온보딩요청드립니다. 휴대폰 핫스팟 이용한다고 합니다,경림_확인 원격경림 원격온보딩
2026-09-18 16:00,원격 AS요청,김봉수,커피포인트(coffee point),4322901056,AS,고경림,,,,,11.3,17,"포스기 사양확인요청 ,",경림_확인 원격경림 원격as
2026-09-18 16:00,원격 AS요청,최승훈,반짝,5232002722,온보딩,배선유,,,,,7.3,14.5,포프(노트북) 온보딩요청드립니다,원격선유 원격온보딩
2026-09-18 16:00,원격 AS요청,,장승희헤어,2431901495,온보딩,심성현,,,,,7.4,21.1,노트북+프론트+프린터 온보딩,원격성현 원격온보딩 원격솔라피발송
2026-09-18 16:30,원격 AS요청,최승훈,포개,8570203862,온보딩,심성현,,,,,10.3,43.3,포프(노트북) + 유프 + 무선프린터(TS400W/Wi-Fi/화이트) 온보딩요청드립니다,원격성현 원격온보딩 원격솔라피발송
2026-09-18 17:00,원격 AS요청,최승훈,퐈이야점핑,5012370411,온보딩,배선유,,,,,13.3,13.3,포프(노트북) 온보딩요청드립니다,원격선유 원격온보딩
2026-09-18 17:00,원격 AS요청,최승훈,바디제이 필라테스,3610701301,온보딩,서상원,,,,,9.8,34.8,프론트 + 터미널2 온보딩요청드립니다,원격상원 원격온보딩
2026-09-18 17:15,원격 AS요청,최승훈,주식회사 크라타,3998703873,온보딩,고경림,O,,,,22.8,55.8,포프(pc) + 유프 온보딩요청드립니다,경림_확인 1차_부재 원격경림 원격온보딩
2026-09-18 17:30,원격 AS요청,,북청포차,2662202390,AS,송태양,,,,,18.8,21.8,주방 주문서 출력되지 않아 설정 확인 부탁드립니다!,태양_확인_ 원격태양 원격as 원격솔라피발송
2026-09-18 18:00,원격 AS요청,김봉수,주식회사 뷰티투게더,2048803849,온보딩,최민석,,,,,26.4,114.8,맥북 + 프론트+ 프린터,민석확인 원격민석 원격온보딩
2026-09-18 18:00,원격 AS요청,김봉수,필라테스혜윰,5481901478,,,,O,,,17.4,,노트북+프론트+프린터,1차_부재 2차_부재
2026-09-18 19:00,원격 AS요청,최승훈,안산태닝 코코아10(COCOA10),2306600188,온보딩,최민석,,,,,12.3,48.9,포프(pc) +터미널2 온보딩요청드립니다,민석확인 원격민석 원격온보딩
2026-09-18 19:15,원격 AS요청,최승훈,이솔로션북스,4319100139,,최민석,,O,,,39.8,,포프(노트북) 온보딩요청드립니다,민석확인 원격민석 1차_부재 2차_부재
2026-09-18 20:00,원격 AS요청,최승훈,영어교습소,2429601339,온보딩,최민석,,,,,2.3,67.5,포프(노트북) 온보딩요청드립니다,민석확인 원격민석 원격온보딩
2026-09-18 21:45,원격 AS요청,김봉수,카공족올데이 철산역점,2994001551,온보딩,최민석,,,,,,,컴퓨터+프론트+프린터,민석확인 원격민석 원격온보딩
2026-09-18 22:30,원격 AS요청,김봉수,고덕센트럴베이스볼클럽,4043801558,AS,최민석,,,,,3.4,10.9,핸드폰+프론트+프린터,민석확인 원격민석 원격as
2026-09-19 10:00,원격 AS요청,,플랜비 웰니스 센터(PlanB wellness center),2432502480,온보딩,김현기,,,,,20.8,36.8,포프(태블릿) + 유프 온보딩요청드립니다.,현기_확인 원격현기 원격온보딩
2026-09-19 10:00,원격 AS요청,,고덕센트럴베이스볼클럽,4043801558,온보딩,김현기,,,,,4.6,20.9,핸드폰+프론트+프린터,현기_확인 원격현기 원격온보딩
2026-09-19 10:00,원격 AS요청,최승훈,꽃달아,6959801497,,김현기,,O,,,4.6,,포프(태블릿) + 터미널2,현기_확인 1차_부재 2차_부재
2026-09-19 11:00,원격 AS요청,최승훈,뷰티메리,8744600199,온보딩,김현기,,,,,17.7,32.6,포프(휴대폰) 온보딩요청드립니다,현기_확인 원격현기 원격온보딩 원격솔라피발송
2026-09-19 11:30,원격 AS요청,최승훈,베이글(BAGEL),2802200632,AS,김현기,,,,,92,,프론트 + 터미널2 온보딩요청드립니다,현기_확인 원격현기 원격as
2026-09-19 12:00,원격 AS요청,최승훈,바닐라,3907400205,온보딩,,,,,,76.8,76.8,포프(휴대폰) 온보딩요청드립니다,성민 원격성민 원격온보딩
2026-09-19 13:00,원격 AS요청,김봉수,더리파인 에스테틱 청주본점,8937400572,,,,O,,,,,PC+프론트+프린터,성민 1차_부재 2차_부재
2026-09-19 13:00,원격 AS요청,최승훈,티타하우스(TiTa haus),6517700469,AS,김현기,,,,,4.5,7.1,포프(태블릿) + 유프 온보딩요청드립니다,현기_확인 원격현기 원격as 원격솔라피발송
2026-09-19 13:30,원격 AS요청,최승훈,바비브로우,8261001899,온보딩,,,,,,50.3,50.3,포프(휴대폰) 온보딩요청드립니다,성민 원격성민 원격온보딩
2026-09-19 15:00,원격 AS요청,최승훈,지니옷장,7614201273,AS,,,,,,7.6,7.6,"포프(예약한 이후로 단선되고, 그후는 계속 부재셔서 물어보지 못했습니다) 온보딩요청드립니다",성민 원격성민 원격as
2026-09-19 15:00,원격 AS요청,최승훈,카페 누오보 고급양식,7292002183,온보딩,서상원,,,,,11.9,81.4,포프(pc) 온보딩요청드립니다,원격상원 원격온보딩
2026-09-19 15:30,원격 AS요청,최승훈,새뜻하게,3220103414,온보딩,서상원,,,,,51.4,68.5,포프(노트북) + 유프 온보딩요청드립니다,원격상원 원격온보딩
2026-09-19 16:00,원격 AS요청,최승훈,닭발공작소,1532302276,온보딩,,,,,,92.2,92.2,포프(기존포스기-이미 설치함) + 터미널2 온보딩요청드립니다,성민 원격성민 원격온보딩
2026-09-19 17:00,원격 AS요청,최승훈,찌야네,5373701531,온보딩,,,,,,67.4,67.4,포프(노트북) + 유프 온보딩요청드립니다. 매장 내 와이파이가 불안정할 수 있다고합니다,성민 원격성민 원격온보딩
2026-09-19 17:30,원격 AS요청,최승훈,올가드림뷰티,4532802074,온보딩,,,,,,54.3,54.3,포프(노트북) + 터미널2 온보딩요청드립니다,성민 원격성민 원격온보딩
2026-09-20 18:30,원격 AS요청,,웨이브랩스 광교SK뷰레이크37F,8641402919,AS,최민석,,,,,5.3,5.3,대형 키오스크/ 폰트 렌더링이 안되고 ui가 깨지는 현상으로 지원 요청드립니다.,민석확인 원격민석 원격as 원격솔라피발송
2026-09-21 09:15,원격 AS요청,,서아농원,8209201387,AS,김동욱,,,,,,,포프(태블릿) 온보딩요청드립니다,동욱_확인 원격as 원격동욱
2026-09-21 12:30,원격 AS요청,최승훈,아트조각,1430145316,AS,송태양,,,,,,,포프(휴대폰) + 유프 온보딩요청드립니다,태양_확인_ 원격as 원격태양
2026-09-21 12:30,원격 AS요청,김규리,브로시 동탄눈썹문신&두피문신,6841403082,AS,송태양,,,,,,,"포프(휴대폰) 온보딩, 사용 방법 안내 요청드립니다. / 금액 입력 결제 모드 설정 희망",태양_확인_ 원격as 원격태양
2026-09-21 12:45,원격 AS요청,최승훈,센트럴1리딩클럽영어도서관학원,5059938209,온보딩,심성현,,,,,2.1,9.8,프론트 + 터미널2 온보딩요청드립니다,원격성현 원격온보딩 원격솔라피발송
2026-09-21 13:15,원격 AS요청,,브로시 동탄눈썹문신&두피문신,6841403082,AS,김기범,,,,,18.7,31.8,"포프(휴대폰) 온보딩, 사용 방법 안내 요청드립니다. / 금액 입력 결제 모드 설정 희망",기범 원격as 원격기범
2026-09-21 13:15,원격 AS요청,,서아농원,8209201387,AS,서상원,,,,,25.2,25.2,포프(태블릿) 온보딩요청드립니다,원격상원 원격as
2026-09-21 13:15,원격 AS요청,,(SNPE)바른자세 척추운동,5402101837,AS,김동욱,,,,,16.2,31.9,큐링 다중TID 가맹점입니다.,동욱_확인 원격as 원격동욱 원격솔라피발송
2026-09-21 13:30,원격 AS요청,,무튼,2496100251,AS,김동욱,,,,,16.9,62.3,PC+터2+프/ 온보딩 요청드립니다.,동욱_확인 원격동욱 원격as
2026-09-21 14:00,원격 AS요청,최승훈,윤채살롱,8350503499,온보딩,고경림,,,,,13.3,21,포프(pc) + 터미널2 온보딩요청드립니다,경림_확인 원격경림 원격온보딩
2026-09-21 14:00,원격 AS요청,최승훈,에보니아이보리,2460304016,온보딩,서상원,,,,,13.3,17.2,프론트 + 터미널2 온보딩요청드립니다,원격상원 원격온보딩
2026-09-21 14:00,원격 AS요청,김규리,디자인 스튜디오:undesignated,4630203051,AS,김현기,,,,,13.4,21,프론트 - 터미널 연결이 안된 것 같다고 하십니다. 확인 부탁 드립니다! / <https://w1659946222-hxm266180.slack.com/archives/C09HRUSG4TX/p17896500141748,현기_확인 원격현기 원격as
2026-09-21 14:30,원격 AS요청,최승훈,무튼,2496100251,,,,,O,,,,포프(pc) + 터미널2 온보딩요청드립니다,중복2
2026-09-21 14:45,원격 AS요청,김봉수,한국여성문화아카데미,5043306770,온보딩,고경림,,,,,2.5,32.8,태블릿+프론트 +프린터 온보딩,경림_확인 원격경림 원격온보딩
2026-09-21 15:00,원격 AS요청,최승훈,플라워투더문,4642801721,온보딩,심성현,,,,,10.6,10.6,포프(태블릿) 온보딩요청드립니다,원격성현 원격온보딩 원격솔라피발송
2026-09-21 15:00,원격 AS요청,김봉수,팀버렙타일 3호점,1761902608,온보딩,심성현,,,,,6.4,10.7,태블릿+프론트,원격성현 원격온보딩 원격솔라피발송
2026-09-21 15:30,원격 AS요청,최승훈,사브리나 요가,4755700120,온보딩,심성현,,,,,4,42.4,포프(pc) + 터미널2 온보딩요청드립니다,원격성현 원격온보딩 원격솔라피발송
2026-09-21 16:00,원격 AS요청,최승훈,비욘드잉글리쉬송파위례학원,5209302203,AS,서상원,,,,,22.7,22.7,포프(태블릿) + 유프 온보딩요청드립니다,원격상원 원격as
2026-09-21 16:00,원격 AS요청,최승훈,평택 강아지분양 고양이분양 미유펫,5483301775,AS,서상원,,,,,22.8,22.8,포프(pc) + 유프 온보딩요청드립니다,원격상원 원격as
2026-09-21 16:15,원격 AS요청,최승훈,엘린,6556200981,AS,송태양,O,,,,13.4,28.3,포프(노트북) + 유프 온보딩요청드립니다,태양_확인_ 1차_부재 원격태양 원격as
2026-09-21 16:30,원격 AS요청,최승훈,광명속눈썹펌&연장수풀래쉬,2055171515,,김현기,,O,,,10.3,,포프(태블릿) + 터미널2 온보딩요청드립니다,현기_확인 1차_부재 2차_부재
2026-09-21 16:45,원격 AS요청,김봉수,플랜츠바이하품(PBH),5649800516,AS,고경림,,,,,7.3,11,터미널+프론트 온보딩 요청,경림_확인 원격as 원격경림
2026-09-21 16:45,원격 AS요청,김봉수,루아루아,4740103883,,고경림,,O,,,7.3,,포프(노트북) + 유프 온보딩요청드립니다,경림_확인 1차_부재 2차_부재
2026-09-21 17:00,원격 AS요청,최승훈,법무사 양회경 사무소,1502802350,AS,송태양,,,,,21.9,21.9,프론트 + 터미널2 온보딩요청드립니다,태양_확인_ 원격as 원격태양
2026-09-21 17:00,원격 AS요청,,서아농원,8209201387,온보딩,고경림,,,,,16.9,27.2,포프(태블릿) 온보딩요청드립니다,경림_확인 원격경림 원격온보딩
2026-09-21 17:00,원격 AS요청,김규리,루세라(Lucera)에스테틱,4815300772,AS,김규빈,,,,,16.9,21.9,사용방법 안내 요청드립니다. / <https://w1659946222-hxm266180.slack.com/archives/C09HRUSG4TX/p1789710561259019|이전 원격 부재>,규빈_확인2 원격규빈 원격as
2026-09-21 17:00,원격 AS요청,최승훈,점핑조아라,5201002710,온보딩,서상원,,,,,9.9,31.5,포프(태블릿) 온보딩요청드립니다,원격상원 원격온보딩
2026-09-21 17:15,원격 AS요청,김봉수,필라테스혜윰,5481901478,온보딩,서상원,,,,,22.2,37.8,노트북+프론트+프린터,원격상원 원격온보딩
2026-09-21 17:15,원격 AS요청,,아트조각,1430145316,온보딩,고경림,,,,,19.6,37.8,포프(휴대폰) + 유프 온보딩요청드립니다,경림_확인 원격경림 원격온보딩
2026-09-21 17:45,원격 AS요청,,엘린,6556200981,온보딩,서상원,,,,,7.8,17.8,포프(노트북) + 유프 온보딩요청드립니다,원격상원 원격온보딩
2026-09-21 18:00,원격 AS요청,최승훈,새옷과 구제,5250403708,온보딩,최민석,,,,,2.8,13.8,포프(pc) + 터미널2 온보딩요청드립니다,민석확인 원격민석 원격온보딩 원격솔라피발송
2026-09-21 18:00,원격 AS요청,최승훈,주식회사 우주메이크,3758703843,온보딩,최민석,,,,,,,포프(태블릿) 온보딩요청드립니다,민석확인 원격민석 원격온보딩 원격솔라피발송
2026-09-21 18:30,원격 AS요청,김봉수,이솔로션북스,4319100139,AS,최민석,,,,,2.5,2.5,노트북 + 프론트,민석확인 원격민석 원격as
2026-09-21 19:00,원격 AS요청,,평택 강아지분양 고양이분양 미유펫,5483301775,온보딩,최민석,,,,,11.1,50.4,포프(pc) + 유프 온보딩요청드립니다,민석확인 원격민석 원격온보딩
2026-09-21 19:00,원격 AS요청,김규리,네일또놀자,2296700754,AS,최민석,,,,,6.1,6.1,예약 기능 등 사용 방법 안내 부탁드립니다!,민석확인 원격민석 원격as
2026-09-21 19:00,원격 AS요청,최승훈,심빛달 몸과마음연구소,8339201587,AS,최민석,O,,,,2.3,16.2,포프(노트북) + 터미널2 온보딩요청드립니다,민석확인 원격민석 1차_부재 원격as
2026-09-21 19:00,원격 AS요청,김봉수,몰입수학학원,4269400991,AS,김현기,,,,,2.3,11.2,컴퓨터+프론트+프린터,현기_확인 원격현기 원격as
2026-09-21 19:30,원격 AS요청,,무튼,2496100251,,,,,O,,,,터2+프/ 온보딩 요청드립니다.,중복2
2026-09-21 19:30,원격 AS요청,,이솔로션북스,4319100139,AS,최민석,,,,,,,노트북 + 프론트,민석확인 원격민석 원격as
2026-09-21 19:45,원격 AS요청,김봉수,비아마더,2192044347,,최민석,,O,,,57.3,,노트북+프론트+프린터 온보딩,민석확인 원격민석 1차_부재 2차_부재
2026-09-21 20:45,원격 AS요청,김봉수,허송세월,2023070069,,최민석,,O,,,17.7,,핸드폰 + 프론트 온보딩,민석확인 원격민석 1차_부재 2차_부재
2026-09-21 22:30,원격 AS요청,최승훈,한수위국영수입시학원,3699500225,,최민석,,O,,,,,포프(pc) + 터미널2 온보딩요청드립니다,민석확인 원격민석 1차_부재 2차_부재
2026-09-21 23:00,원격 AS요청,김봉수,눕눕 만화카페&보드게임,4861502661,온보딩,최민석,,,,,7.8,52.9,포스기 + 프론트  온보딩요청,민석확인 원격민석 원격온보딩
2026-09-22 09:00,메뉴등록,,카페 누오보 고급양식,7292002183,메뉴등록,배선유,,,,,,,기존 OKPOS 사용중 메뉴 옵션 원격으로 들어가서 하나씩 보고해달라고함,원격선유 원격메뉴등록
2026-09-22 09:30,원격 AS요청,,몰입수학학원,4269400991,AS,심성현,,,,,5.6,52.4,컴퓨터+프론트+프린터,원격성현 원격as
2026-09-22 10:00,원격 AS요청,최승훈,듀듀베베,8270301142,온보딩,고경림,,,,,13.7,42.3,"포프(기존포스기 > 불가능할경우 일단 휴대폰) 온보딩요청드립니다, 이전 원격부재건 내용 : 보유중이던 포스기/ 타사 okpos 사용중 / kt7d 설정 필요 / 토스포스로 변경해 포프(포스기) 온보딩 필요",경림_확인 원격경림 원격온보딩
2026-09-22 10:00,원격 AS요청,최승훈,안양카페솜붕아 본점,6703101840,AS,배선유,,,,,2.4,32.2,포프(pc) + 유프 온보딩요청드립니다,원격선유 원격as
2026-09-22 10:00,원격 AS요청,,네일또놀자,2296700754,AS,심성현,,,,,,,예약 기능 등 사용 방법 안내 부탁드립니다!,원격성현 원격as 원격솔라피발송
2026-09-22 10:30,원격 AS요청,최승훈,라비,5331802691,온보딩,심성현,,,,,9.4,17.4,포프(태블릿) + 터미널2 온보딩요청드립니다,원격온보딩 원격성현 원격솔라피발송
2026-09-22 10:30,원격 AS요청,최승훈,농업회사법인 주식회사 메이에르,7498700974,온보딩,김현기,,,,,7.9,36.3,포프(pc) 온보딩요청드립니다,현기_확인 원격현기 원격온보딩
2026-09-22 10:45,원격 AS요청,김봉수,주식회사 에스엠씨,4268702481,AS,심성현,O,,,,2.4,31.7,노트북+프론트+프린터,원격성현 1차_부재 원격as
2026-09-22 10:45,원격 AS요청,최승훈,네일도 맑음,5706400821,AS,고경림,,,,,2.4,31.7,포프(휴대폰) 온보딩요청드립니다,경림_확인 원격경림 원격as
2026-09-22 11:00,원격 AS요청,최승훈,아르덴,8343600912,온보딩,서상원,,,,,10.4,13.9,포프(태블릿) + 터미널2 온보딩요청드립니다,원격상원 원격온보딩
2026-09-22 11:00,원격 AS요청,최승훈,영컴퍼니,2015100599,온보딩,심성현,,,,,10.4,10.4,포프(pc) + 터미널2 온보딩요청드립니다,원격성현 원격온보딩 원격솔라피발송
2026-09-22 11:00,원격 AS요청,김봉수,에스씨 미트(SC meat),8239600328,온보딩,배선유,,,,,3.7,10.4,핸드폰 + 프론트,원격선유 원격온보딩
2026-09-22 11:00,원격 AS요청,,무튼,2496100251,AS,김동욱,O,,,,,,PC+터2+프/ 온보딩 요청드립니다.,동욱_확인 1차_부재 원격as 원격동욱
2026-09-22 11:15,원격 AS요청,,플랜츠바이하품(PBH),5649800516,AS,배선유,,,,,,,터미널+프론트 온보딩 요청,원격선유 원격as
2026-09-22 11:30,원격 AS요청,최승훈,정 헤어샾,5016400029,,김현기,,O,,,2.1,,포프(휴대폰) 온보딩요청드립니다,현기_확인 1차_부재 2차_부재
2026-09-22 11:45,원격 AS요청,최승훈,이솔로션북스,4319100139,,,,,O,,,,포프(휴대폰) 온보딩요청드립니다,중복2
2026-09-22 11:48,원격 AS요청,최승훈,이솔로션북스,4319100139,온보딩,김현기,,,,,2.9,19.4,"포프(휴대폰, 노트북) 2대 온보딩요청드립니다",현기_확인 원격현기 원격온보딩
2026-09-22 12:00,원격 AS요청,최승훈,I'm nail(아임네일),6810600761,AS,배선유,,,,,2.1,2.1,포프(노트북) + 유프 온보딩요청드립니다,원격선유 원격as
2026-09-22 12:30,원격 AS요청,최승훈,수원휴대폰성지모두의폰정자점,3970403350,온보딩,김규빈,,,,,3.3,12.3,포프(태블릿) 온보딩요청드립니다,규빈_확인2 원격규빈 원격온보딩
2026-09-22 12:30,원격 AS요청,,도깨비언니,1160969253,,배선유,,O,,,,,프론트 전원 on 이후 업데이트 완료 / 결제 시도 시.  단말기 일련번호와 생산일자 확인 하라는 문구가 떠서 확인 요청 드립니다!,원격선유 1차_부재 2차_부재
2026-09-22 12:45,원격 AS요청,김봉수,지구인영어학원,2119669617,AS,배선유,,,,,2.3,2.3,프론트+터미널 온보딩.,원격선유 원격as
2026-09-22 13:00,원격 AS요청,최승훈,주식회사 바른급식,5358103953,AS,고경림,O,,,,7.4,24.4,포프(노트북) + 유프 온보딩요청드립니다,경림_확인 1차_부재 원격as 원격경림
2026-09-22 13:00,원격 AS요청,김규리,백호합기도,1509701207,AS,고경림,,,,,7.4,7.4,"포프+유프 온보딩, 사용 방법 안내 요청 드립니다. / 다른 지점 대표님께서 원격 요청을 주신 건이라 휴대폰 기종과 토스 포스 설치 기기는 파악하지 못했습니다. :눈물햄스터:",경림_확인 원격경림 원격as
2026-09-22 13:15,원격 AS요청,김봉수,버브앤콕(verve n coc),4575700651,온보딩,고경림,O,,,,12.3,47.5,컴퓨터 + 프론트+ 터미널 온보딩,경림_확인 1차_부재 원격경림 원격온보딩
2026-09-22 13:15,원격 AS요청,김규리,백호 태권도,6019200526,AS,고경림,,,,,9.4,12.4,"포프+유프 온보딩, 사용 방법 안내 요청 드립니다. / 다른 지점 대표님께서 원격 요청을 주신 건이라 휴대폰 기종과 토스 포스 설치 기기는 파악하지 못했습니다. :눈물햄스터:",경림_확인 원격as 원격경림
2026-09-22 13:15,원격 AS요청,최승훈,아이로그,2131465173,온보딩,고경림,O,,,,,,포프(태블릿) + 터미널2 온보딩요청드립니다,로딩 1차_부재 경림_확인 원격경림 원격온보딩
2026-09-22 13:30,원격 AS요청,최승훈,잉글리시아이석산점영어학원,7049301097,온보딩,서상원,,,,,16,53.4,포프(노트북) + 유프 온보딩요청드립니다,원격상원 원격온보딩
2026-09-22 13:45,원격 AS요청,최승훈,위로온마인드케어센터,2038574748,AS,심성현,,,,,13.9,17.6,포프(노트북) + 유프 온보딩요청드립니다,원격성현 원격as
2026-09-22 14:00,원격 AS요청,최승훈,촌족발,2627000692,AS,송태양,,,,,14.6,14.6,포프(기존포스기-설치불가능할경우 휴대폰) + 유프 온보딩요청드립니다,태양_확인_ 원격태양 원격as
2026-09-22 14:00,원격 AS요청,,루모아 스킨 (LUMOA SKIN),5260603520,,심성현,,O,,,6.7,,PC+프+유프// 유프 외계어 출력으로 설정 지원 요청드립니다.,원격성현 1차_부재 2차_부재
2026-09-22 14:00,원격 AS요청,최승훈,카페위드컬쳐(CAFE WITH Culture),7980200678,온보딩,배선유,,,,,6.8,40.3,포프(pc) + 터미널2 온보딩요청드립니다,원격선유 원격온보딩 원격솔라피발송
2026-09-22 14:15,원격 AS요청,김규리,한우리훼밀리국어교습소,8509502146,AS,심성현,,,,,28.4,31.2,포프(휴대폰) + 유프 온보딩 요청드립니다. / 사용 방법 안내 부탁드립니다!,원격성현 원격as
2026-09-22 14:30,원격 AS요청,최승훈,태극태권도장(황금관),1169979790,온보딩,심성현,,,,,16.2,48.3,포프(노트북) + 터미널2 온보딩요청드립니다,원격성현 원격온보딩 원격솔라피발송
2026-09-22 14:30,원격 AS요청,최승훈,더 라고비스타,3375300586,AS,심성현,,,,,10.3,109.4,포프(노트북) + 유프 온보딩요청드립니다,원격성현 원격as
2026-09-22 14:45,원격 AS요청,최승훈,스텔라뷰티,7311902424,온보딩,고경림,,,,,8.3,24.3,포프(휴대폰) 온보딩요청드립니다,경림_확인 원격경림 원격온보딩
2026-09-22 14:55,원격 AS요청,,로어브네일(Roave nail),2192084636,AS,서상원,,,,,10,14.3,"금일 3시 통화 요청, 포스기 연결이 간헐적으로 끊기는 현상으로 원격 도움 요청드립니다!",원격상원 원격as
2026-09-22 15:00,원격 AS요청,최승훈,선아뜰리에,1872802143,AS,고경림,,,,,18.3,18.3,포프(휴대폰) 온보딩요청드립니다,경림_확인 원격경림 원격as
2026-09-22 15:15,원격 AS요청,,위로온마인드케어센터,2038574748,AS,김현기,,,,,21.7,21.7,포프(노트북) + 유프 온보딩요청드립니다,완료완료 현기_확인 원격현기 원격as
2026-09-22 15:15,원격 AS요청,김봉수,울림요가,7296800678,,,,,,O,,,핸드폰+프론트+터미널 온보딩,x
2026-09-22 15:30,원격 AS요청,최승훈,그린파파야씨,5511000036,온보딩,배선유,,,,,6.8,20,포프(휴대폰) 온보딩요청드립니다,원격선유 원격온보딩
2026-09-22 15:45,원격 AS요청,김봉수,네네치킨연동점,8252602203,AS,김현기,,,,,,,컴퓨터+프론트 온보딩,현기_확인 원격as 원격현기
2026-09-22 16:00,원격 AS요청,최승훈,모엘스튜디오,3921003507,,,,,O,,14.1,,포프(pc) 온보딩요청드립니다,중복2
2026-09-22 16:00,원격 AS요청,최승훈,로망플로라 (roman flora),1069704911,AS,최민석,,,,,10.4,10.4,포프(노트북) + 유프 온보딩요청드립니다,민석확인 원격민석 원격as
2026-09-22 16:15,원격 AS요청,,한우리훼밀리국어교습소,8509502146,,심성현,,O,,,,,포프(휴대폰) + 유프 온보딩 요청드립니다. / 사용 방법 안내 부탁드립니다!,원격성현 1차_부재 2차_부재
2026-09-22 16:30,원격 AS요청,최승훈,라임필라테스자이로토닉,2064451187,AS,배선유,,,,,10.4,10.4,포프(태블릿) + 유프 온보딩요청드립니다,원격선유 원격as
2026-09-22 16:45,원격 AS요청,김봉수,안양카페솜붕아 본점,6703101840,온보딩,고경림,,,,,7.4,156.3,핸드폰 + 프론트+터미널 온보딩,경림_확인 원격경림 원격온보딩
2026-09-22 16:45,원격 AS요청,,주식회사 에스엠씨,4268702481,온보딩,서상원,,,,,7.4,11.8,노트북+프론트+프린터,원격상원 원격온보딩
2026-09-22 16:45,원격 AS요청,최승훈,이노시시,1051559886,온보딩,서상원,,,,,7.5,89.4,포프(태블릿) + 유프 온보딩요청드립니다,원격상원 원격온보딩
2026-09-22 17:00,원격 AS요청,,루아루아,4740103883,온보딩,심성현,,,,,9.4,18.3,포프(휴) 온보딩 도움 요청드립니다 (17시경 가능),원격성현 원격온보딩 원격솔라피발송
2026-09-22 17:00,원격 AS요청,,로망플로라 (roman flora),1069704911,온보딩,고경림,,,,,9.4,25.4,포프(노트북) + 유프 온보딩요청드립니다,경림_확인 원격경림 원격온보딩
2026-09-22 17:00,원격 AS요청,김규리,함사 휴&힐,3061927971,,고경림,,O,,,4.9,,포프(휴대폰) 온보딩 요청드립니다. / 사용 방법 안내 부탁드립니다!,경림_확인 1차_부재 2차_부재
2026-09-22 17:15,원격 AS요청,김봉수,벨루트,1092664107,온보딩,서상원,,,,,17.5,17.5,핸드폰+프론트+프린터,원격상원 원격온보딩
2026-09-22 17:29,원격 AS요청,,수기네상회,8953201859,AS,서상원,,,,,2.9,34.2,프론트 + 터미널2 온보딩요청드립니다!,원격상원 원격as
2026-09-22 17:30,원격 AS요청,김규리,당신은 꽃 타로,1202801781,온보딩,고경림,,,,,7.4,111.3,포프(휴대폰) + 유프 온보딩 요청드립니다.,경림_확인 원격경림 원격온보딩
2026-09-22 17:45,원격 AS요청,김봉수,바이주(BY.JU)헤어,2573101327,AS,김규빈,,,,,5.5,7.3,노트북+프론트 +터미널,규빈_확인2 원격규빈 원격as
2026-09-22 18:00,원격 AS요청,최승훈,비발디음악교습소,1849500584,온보딩,최민석,,,,,,,포프(휴대폰) + 유프 온보딩요청드립니다. 휴대폰 핫스팟 사용한다고하십니다,민석확인 원격민석 원격온보딩
2026-09-22 18:15,원격 AS요청,최승훈,에테르 아쉬람 Ether Ashram,5910402991,AS,김규빈,,,,,2.8,16,포프(휴대폰) + 유프 온보딩요청드립니다,규빈_확인2 원격규빈 원격as
2026-09-22 18:45,원격 AS요청,김봉수,사토즈학원,3749901170,온보딩,김현기,,,,,,,토스 터미널+프론트 단독사용예정,현기_확인 원격현기 원격온보딩
2026-09-22 19:00,원격 AS요청,,이솔로션북스,1119149261,,,,,O,,,,노트북 + 프론트,중복2
2026-09-22 19:00,원격 AS요청,최승훈,한그루 국악교습소 예술센터,4119202445,온보딩,최민석,,,,,,,프론트 + 터미널2 온보딩요청드립니다,민석확인 원격민석 원격온보딩
2026-09-22 19:15,원격 AS요청,,디자인보소,5840203154,AS,최민석,,,,,6.3,52.3,프 + 터 온보딩 요청 드립니다! / rj9 케이블 누락 주장 하셔서 확인 같이 부탁 드립니다.,민석확인 원격민석 원격as
2026-09-22 19:30,원격 AS요청,최승훈,진성학원,1179923042,온보딩,최민석,,,,,2.2,4.7,프론트 + 터미널2 온보딩요청드립니다,민석확인 원격민석 원격온보딩
2026-09-22 20:00,원격 AS요청,,플랜츠바이하품(PBH),5649800516,AS,최민석,,,,,9.3,12.7,터미널+프론트 온보딩 요청,민석확인 원격민석 원격as
2026-09-22 20:00,원격 AS요청,최승훈,임애농원,3069625028,온보딩,최민석,,,,,9.3,48.4,포프(노트북) + 터미널2 온보딩요청드립니다,민석확인 원격민석 원격온보딩
2026-09-22 20:30,원격 AS요청,,에테르 아쉬람 Ether Ashram,5910402991,,최민석,,O,,,37.2,,포프(휴대폰) + 유프 온보딩요청드립니다,민석확인 원격민석 1차_부재 2차_부재