요청자,일시,채널,작성자,상호,사업자번호,카테고리 이모지,담당자,1차부재,2차부재,중복,잘못올린글,요청내용,찍힌 이모지 전체
김봉수,2026-08-01 10:45,원격 AS요청,김봉수,그랜드코나코리아,5142595464,온보딩,송태양,,,,,아이패드 + 프론트 온보딩,태양_확인_ 원격태양 원격온보딩
김규리,2026-08-01 11:00,원격 AS요청,김규리,제우스당구클럽,7733900020,온보딩,송태양,,,,,"포프(휴대폰) 온보딩 + 사용방법 안내 요청드립니다. (고령) / 프론트 전원선 연결, 휴대폰 프로그램 설치 완료",태양_확인_ 원격태양 원격온보딩
김봉수,2026-08-01 21:00,원격 AS요청,김봉수,네일의 너,6214501239,온보딩,최민석,,,,,태블릿 + 프론트 + 프린터 온보딩요청 .,민석확인 원격민석 원격온보딩
김봉수,2026-08-03 13:45,원격 AS요청,김봉수,러브아케이크,4300103807,온보딩,배선유,O,,,,노트북 + 프론트 온보딩,선유_확인 1차_부재 원격선유 원격온보딩
김봉수,2026-08-03 13:49,메뉴등록,김봉수,찬미당,6634900979,메뉴등록,배선유,,,,,메뉴등록요청드립니다 .,선유_확인 원격선유 원격메뉴등록
김봉수,2026-08-03 14:00,원격 AS요청,김봉수,프리마발레학원,5069422272,AS,심성현,,,,,핸드폰/노트북 + 프론트 + 프린터 온보딩 .,성현_확인 원격성현 원격as
김봉수,2026-08-03 15:03,원격 AS요청,김봉수,루미에르,1906600764,온보딩,배선유,,,,,핸드폰 + 프론트,선유_확인 원격선유 원격온보딩
김규리,2026-08-03 15:03,원격 AS요청,김규리,달달이네,3090952811,온보딩,서상원,,,,,포프 (휴대폰) 온보딩 요청드립니다.,원격상원 원격온보딩
김규리,2026-08-03 15:50,원격 AS요청,김규리,송월,2663100114,온보딩,송태양,,,,,포프 (태블릿) + 유프 요청드립니다.,태양_확인_ 원격태양 원격온보딩
김봉수,2026-08-03 16:43,원격 AS요청,김봉수,무트네일,8853001881,온보딩,송태양,,,,,노트북 + 프론트  온보딩,태양_확인_ 원격태양 원격온보딩
김봉수,2026-08-03 17:00,원격 AS요청,김봉수,지나다움,2191207522,AS,김규빈,,,,,아이패드 + 프론트  온보딩,규빈_확인2 원격규빈 원격as
김규리,2026-08-03 17:42,원격 AS요청,김규리,오경상사,8562302036,AS,심성현,,,,,포프(휴대폰) + 유프 온보딩 요청드립니다. / 고령 / 프린터 연결 잭이 안 맞음. 와이파이 연결 어려움.,성현_확인 원격성현 원격as
김봉수,2026-08-03 17:45,원격 AS요청,김봉수,동동밥상,4866000853,,김규빈,,O,,,고령자 . 방문설치 접수 예정인데 컴퓨터 사양확인요청 .  영상통화는 가능하다고합니다 .,규빈_확인2 1차_부재 2차_부재
김봉수,2026-08-03 18:00,원격 AS요청,김봉수,주식회사 비엔씨코리아,2788703649,온보딩,최민석,,,,,휴대폰/컴퓨터  + 프론트 + 프린터,민석확인 원격민석 원격온보딩
김규리,2026-08-03 18:00,원격 AS요청,김규리,케이엠푸드(KM food),4992601913,온보딩,최민석,,,,,유프 + 포프(휴대폰) 온보딩 요청드립니다.,민석확인 원격민석 원격온보딩
김규리,2026-08-03 18:30,원격 AS요청,김규리,말하는미술관아트센터,1659100722,온보딩,심성현,,,,,포프(노트북) 온보딩 요청드립니다.,성현_확인 원격성현 원격솔라피발송 원격온보딩
김봉수,2026-08-03 18:45,원격 AS요청,김봉수,해온학원,8279501695,AS,최민석,,,,,노트북 + 프론트 + 프린터  온보딩,민석확인 원격민석 원격as
김봉수,2026-08-03 18:45,원격 AS요청,김봉수,어썸네일,2530703124,,,,,O,,아이폰 + 프론트 온보딩요청,중복2
김규리,2026-08-03 19:00,원격 AS요청,김규리,무인생활마켓,3213401838,AS,심성현,,,,,포프( 휴대폰) 온보딩 요청드립니다. / 고령,성현_확인 원격성현 원격as 원격솔라피발송
김규리,2026-08-03 19:15,원격 AS요청,김규리,이모네학원,7459701359,AS,최민석,,,,,포프(휴대폰) 온보딩 요청드립니다. / 고령 / 학원 관련 프로그램 여쭤보셨습니다. 확인 부탁드립니다.,민석확인 원격민석 원격as
김봉수,2026-08-03 19:30,원격 AS요청,김봉수,퀸즈발레학원,4269201604,온보딩,최민석,,,,,컴퓨터/공기계 핸드폰 + 프론트 + 프린터,민석확인 원격민석 원격온보딩
김봉수,2026-08-03 21:00,원격 AS요청,김봉수,쿵쿵따 노래연습장,3500802817,온보딩,최민석,,,,,핸드폰 + 프론트 + 프린터 온보딩,민석확인 원격민석 원격온보딩
김규리,2026-08-03 21:00,원격 AS요청,김규리,달이랑 별이랑,1773501728,온보딩,최민석,,,,,포프 (휴대폰) + 유프 온보딩 요청드립니다.,민석확인 원격민석 원격온보딩
김봉수,2026-08-03 22:00,원격 AS요청,김봉수,이모양조모양,2362202652,온보딩,최민석,,,,,테블릿 + 프론트  온보딩,민석확인 원격민석 원격온보딩
김봉수,2026-08-04 10:45,원격 AS요청,김봉수,피부에 반하다,3661502523,AS,송태양,,,,,노트북/핸드폰 +프론트 + 프린터  온보딩,태양_확인_ 원격as 원격태양
김규리,2026-08-04 13:31,원격 AS요청,김규리,프리마발레학원,5069422272,AS,배선유,,,,,프린터 사용 방법 어렵다고 하십니다. 도움 요청드립니다. / 유프+포프 온보딩은 완료,선유_확인 원격선유 원격as
김규리,2026-08-04 13:36,원격 AS요청,김규리,네일한나,5264001448,AS,김동욱,,,,,가이드 참고하여 프론트 화면 설정하셨지만 변경되지 않는다고 하십니다. 확인 부탁드립니다.,동욱_확인 원격동욱 원격as 원격솔라피발송
김봉수,2026-08-04 13:45,원격 AS요청,김봉수,현진미장원,5960102409,온보딩,심성현,,,,,컴퓨터 + 프론트 온보딩요청,성현_확인 원격성현 원격온보딩 원격솔라피발송
김규리,2026-08-04 14:00,원격 AS요청,김규리,더벅머리미용실,6105200655,AS,배선유,,,,,포프 + 유프 온보딩 요청드립니다.,선유_확인 원격선유 원격as
김규리,2026-08-04 14:00,원격 AS요청,김규리,오름부동산 중개사무소,1452602131,온보딩,송태양,,,,,포프(PC) 온보딩 요청드립니다.,태양_확인_ 원격태양 원격온보딩 원격솔라피발송
김봉수,2026-08-04 14:00,원격 AS요청,김봉수,"제로국-깊이를 담은 한 그릇, 프리미엄 다이어트 국밥",5840603642,AS,송태양,,,,,노트북  + 프론트  온보딩 .,태양_확인_ 원격태양 원격as
김규리,2026-08-04 14:34,원격 AS요청,김규리,동우 행정사 사무소,1605301044,온보딩,최민석,,,,,프론트 사용 방법 (메뉴 등록 등) 어려움 있어 도움 요청드립니다. / 포프 연동 완료,민석확인 원격민석 원격온보딩
김봉수,2026-08-04 14:45,원격 AS요청,김봉수,바사팬스파,6163069174,온보딩,송태양,O,,,,PC + 프론트 + 프린터,태양_확인_ 1차_부재 원격태양 원격온보딩
김규리,2026-08-04 16:00,원격 AS요청,김규리,브레인웍스 커뮤니케이션즈,2141238146,AS,김동욱,,,,,사용방법 어려워하십니다. 도움 요청드립니다. / 포프 연동은 완료,동욱_확인 원격as 원격동욱 원격솔라피발송
김봉수,2026-08-04 16:15,원격 AS요청,김봉수,아란냐요가명상,4296500312,온보딩,김동욱,,,,,테블릿 + 프론트 온보딩요청,동욱_확인 원격동욱 원격온보딩 원격솔라피발송
김규리,2026-08-04 16:18,원격 AS요청,김규리,덕에스(DEOK. S),7763101793,AS,김동욱,,,,,프론트 사용 방법 어려움으로 도움 요청드립니다. / 포프 연동까지 완료,동욱_확인 원격동욱 원격as
김봉수,2026-08-04 16:30,원격 AS요청,김봉수,국악스튜디오 공간채,2961301406,온보딩,송태양,,,,,핸드폰 + 프론트 온보딩요청 .,태양_확인_ 원격태양 원격온보딩
김규리,2026-08-04 17:00,원격 AS요청,김규리,역,8167200101,AS,송태양,,,,,포프(휴대폰) 온보딩 요청드립니다.,태양_확인_ 원격태양 원격as
김규리,2026-08-04 18:00,원격 AS요청,김규리,라인오브발레비메스,1332609524,AS,심성현,,,,,포프(PC) + 유프 온보딩 요청드립니다.,성현_확인 원격성현 원격as
김봉수,2026-08-05 10:00,원격 AS요청,김봉수,희망아동발달센터,3151860924,,심성현,,O,,,컴퓨터 + 프론트 + 프린터 온보딩요청,성현_확인 1차_부재 2차_부재
김봉수,2026-08-05 11:03,원격 AS요청,김봉수,퍼스트 노트(FIRST NOTE),3222402428,온보딩,,,,,,아이폰 + 프론트 + 프린터 온보딩,성철확인 원격성철 원격온보딩
김규리,2026-08-05 11:45,원격 AS요청,김규리,눈썹미장원,6042556804,온보딩,김현기,,,,,포프(휴대폰) + 유프 온보딩 요청드립니다.,원격현기 현기_확인 원격온보딩
김규리,2026-08-05 13:00,원격 AS요청,김규리,썬앤코,5202901222,온보딩,배선유,,,,,"포프(휴대폰, PC) + 유프 온보딩 요청드립니다.",선유_확인 원격선유 원격온보딩
김규리,2026-08-05 13:19,원격 AS요청,김규리,능가비 주식회사,1568802541,온보딩,,,,,,포프(휴대폰) + 유프 온보딩 요청드립니다.,남수확인 원격남수 원격온보딩
김봉수,2026-08-05 13:45,원격 AS요청,김봉수,주식회사 제이에스컴퍼니,1418603689,AS,,,,,,pc + 프론트 + 프린터 온보딩요청,남수확인 원격남수 원격as
김봉수,2026-08-05 14:00,원격 AS요청,김봉수,아만스튜디오(AMAN STUDIO),4912002594,온보딩,배선유,,,,,테블릿 + 프론트 온보딩,선유_확인 원격선유 원격온보딩
김규리,2026-08-05 14:00,원격 AS요청,김규리,노리,4394301301,온보딩,,,,,,포프(휴대폰) + 유프 온보딩 요청드립니다.,남수확인 원격남수 원격온보딩
김규리,2026-08-05 14:30,원격 AS요청,김규리,The예쁜피부,3070858388,온보딩,김동욱,,,,,포프(PC) 온보딩 요청드립니다.,동욱_확인 원격동욱 원격온보딩 원격솔라피발송
김봉수,2026-08-05 14:45,원격 AS요청,김봉수,심꼬뽑꼬,6512000470,온보딩,송태양,,,,,노트북 + 프론트 온보딩,태양_확인_ 원격태양 원격온보딩
김규리,2026-08-05 15:00,원격 AS요청,김규리,숨 뜰,6441902815,온보딩,송태양,,,,,포프 (휴대폰) + 유프 온보딩 요청드립니다.,태양_확인_ 원격태양 원격온보딩
김규리,2026-08-05 15:15,원격 AS요청,김규리,더보우스트링스튜디오음악교습소,1429302037,온보딩,송태양,,,,,포프(태블릿) + 유프 온보딩 요청드립니다.,태양_확인_ 원격태양 원격온보딩 원격솔라피발송
김봉수,2026-08-05 15:45,원격 AS요청,김봉수,비굿비러브,3744201045,AS,배선유,O,,,,아이폰 + 프론트,선유_확인 1차_부재 원격선유 원격as
김봉수,2026-08-05 16:00,원격 AS요청,김봉수,파랑새에어컨청소 원주점,6623001880,온보딩,심성현,,,,,컴퓨터 + 프론트 + 프린터 온보딩요청,성현_확인 원격성현 원격온보딩 원격솔라피발송
김규리,2026-08-05 16:56,원격 AS요청,김규리,오경상사,8562302036,온보딩,심성현,,,,,유프 연결 했는데 작동이 안된다고 하십니다. 확인 부탁드립니다. / 금액 입력 결제 방법도 궁금하다고 하십니다.,성현_확인 원격성현 원격온보딩 원격솔라피발송
김봉수,2026-08-05 18:30,원격 AS요청,김봉수,해온학원,8279501695,온보딩,,,,,,노트북 + 프론트 + 프린터 온보딩,남수확인 원격남수 원격온보딩 꾸벅_옐로
김규리,2026-08-05 20:30,원격 AS요청,김규리,시원한글쓰기독서논술교습소,4229002081,온보딩,최민석,,,,,포프(휴대폰) 온보딩 요청드립니다.,민석확인 원격민석 원격온보딩
김규리,2026-08-05 21:00,원격 AS요청,김규리,알이씨뮤직실용음악학원,3869800196,AS,최민석,,,,,포프(휴대폰) + 유프 온보딩 요청드립니다.,민석확인 원격민석 원격as
김봉수,2026-08-05 22:00,원격 AS요청,김봉수,스테디 주짓수 원주기업아카데미,8476300383,,,,,O,,핸드폰 + 프론트 + 프린터 온보딩요청,중복2
김규리,2026-08-06 11:12,원격 AS요청,김규리,컴포즈커피 분당신기사거리점,6771701355,AS,김현기,,,,,포프 온보딩 요청드립니다. / 키오스크 모드 사용 방법 안내 부탁드립니다.,현기_확인 원격현기 원격as
김규리,2026-08-06 14:00,원격 AS요청,김규리,에떼드뷰티(ete de Beauty),5785700813,AS,송태양,,,,,포프(PC) + 유프 온보딩 요청드립니다.,태양_확인_ 원격태양 원격as
김규리,2026-08-06 15:46,원격 AS요청,김규리,고운:선 윤곽&산모관리,3432502403,AS,김현기,,,,,"사용방법 안내 요청드립니다. / 예약 관련 기능, 메뉴 등록 방법 등",현기_확인 원격as 원격현기 원격솔라피발송
김봉수,2026-08-06 16:02,원격 AS요청,김봉수,생생어물시장,6867300579,AS,최민석,,,,,현재 사용하는 포스기에 바코드도 사용중이여서 메뉴내려받는 방법있는지 봐달라고하심 .,민석확인 원격민석 원격as
김봉수,2026-08-06 16:46,원격 AS요청,김봉수,리치팝,6441501287,,심성현,,O,,,핸드폰 + 프론트 + 프린터 +,성현_확인 1차_부재 2차_부재
김봉수,2026-08-06 16:57,원격 AS요청,김봉수,오후서랍,3701502876,온보딩,송태양,,,,,노트북 + 프론트 + 프린터  온보딩,태양_확인_ 원격태양 원격온보딩 원격솔라피발송
김규리,2026-08-06 18:00,원격 AS요청,김규리,우와미용실,1241588252,AS,최민석,,,,,터프 (휴대폰) + 유프 온보딩 요청드립니다. / 고령 / 전원선 연결하는 것도 모르겠다고 하십니다.,민석확인 원격민석 원격as
김규리,2026-08-06 18:15,원격 AS요청,김규리,휴모텔,3882301927,AS,,,,,,포프(휴대폰) 온보딩 요청드립니다. 키오스크 모드 사용 희망하십니다.,명현 원격as 원격명현
김규리,2026-08-06 19:00,원격 AS요청,김규리,애니몽땅 청주성안점,4121162485,온보딩,최민석,,,,,포프(PC) + 유프 온보딩 요청드립니다.,민석확인 원격민석 원격온보딩
김규리,2026-08-06 19:15,원격 AS요청,김규리,태광수산,8849601865,AS,최민석,,,,,포프(휴대폰) 온보딩 요청드립니다.,민석확인 원격민석 원격as
김봉수,2026-08-06 19:45,원격 AS요청,김봉수,비굿비러브,3744201045,AS,최민석,,,,,아이폰 + 프론트,민석확인 원격민석 원격as
김봉수,2026-08-06 21:00,원격 AS요청,김봉수,우당,6104021152,AS,최민석,,,,,이지포스 포스기 + 프론트 온보딩요청,민석확인 원격민석 원격as
김봉수,2026-08-07 11:00,원격 AS요청,김봉수,빈티지 하마,4811502725,,,,,,O,테블릿  + 프론트 온보딩 .,x
김규리,2026-08-07 12:00,원격 AS요청,김규리,마일스톤잉글리쉬,1259192923,온보딩,송태양,,,,,포프(휴대폰) + 유프 온보딩 요청드립니다.,태양_확인_ 원격태양 원격온보딩
김규리,2026-08-07 13:00,원격 AS요청,김규리,필라테스 애니바디 (pilates anybody),4552900803,온보딩,,,,,,포프 (휴대폰) + 유프 온보딩 요청드립니다. / 아이샵케어 홈페이지에 컴퓨터에 프로그램 2개를 설치 필요하다 기재되어 있었다고 하십니다. 확인 부탁드립니다.,명석 원격명석 원격온보딩
김봉수,2026-08-07 13:35,원격 AS요청,김봉수,오성카오디오,6063024734,온보딩,,,,,,컴퓨터 + 프론트 + 프린터 온보딩요청,명현 원격온보딩 원격명현
김규리,2026-08-07 14:00,원격 AS요청,김규리,바다뜰펜션,5551701467,AS,서상원,,,,,포프 (휴대폰) + 유프 온보딩 요청드립니다.,원격상원 원격as
김규리,2026-08-07 14:04,원격 AS요청,김규리,바퀴달린그림책(강동),4351501500,AS,,,,,,유프 연결 도움 요청드립니다. / 프론트는 연결 완료,명현 원격as 원격명현
김규리,2026-08-07 14:15,원격 AS요청,김규리,김기준영어학원,7969301820,,,O,,,,포프 + 유프 온보딩 요청드립니다.,명현 1차_부재
김규리,2026-08-07 14:30,원격 AS요청,김규리,이유있는수학학원,6269202260,AS,,,,,,사용 방법 어려움으로 도움 요청드립니다. / 설치는 완료하심,명석 원격명석 원격as
김봉수,2026-08-07 14:45,원격 AS요청,김봉수,스피닝 하이(SPINNING HIGH),1791003020,AS,송태양,,,,,컴퓨터  +프론트 + 프린터 온보딩요청,태양_확인_ 원격as 원격태양
김규리,2026-08-07 15:00,원격 AS요청,김규리,미사피부랩,1536600464,AS,,,,,,프린터 기기 작동되지 않는다고 하십니다. 확인 부탁드립니다. / <https://w1659946222-hxm266180.slack.com/archives/C09HRUSG4TX/p1785303469184129|이전 원,명석 원격명석 원격as
김규리,2026-08-07 15:00,원격 AS요청,김규리,가온 홀딩스,7430403951,AS,김현기,,,,,포프(휴대폰) + 유프 온보딩 요청드립니다.,현기_확인 원격as 원격현기
김봉수,2026-08-07 15:30,원격 AS요청,김봉수,얌얌스킨앤슈가링(YAM YAM),7680403533,AS,,,,,,노트북 +  프론트 + 프린터 온보딩,명석 원격명석 원격as
김규리,2026-08-07 15:36,원격 AS요청,김규리,러블리폭스,8190204404,온보딩,,,,,,터프 온보딩 요청드립니다. / 포스기와 연결되어 있는 기존 단말기 해체 어려우심. 사용하시던 포스기와 터프 연동 필요함.,명석 원격명석 원격온보딩
김봉수,2026-08-07 15:45,원격 AS요청,김봉수,다비드미술학원,8289002300,온보딩,,O,,,,테블릿/컴퓨터 + 프론트+프린터  온보딩요청 .,명석 1차_부재 원격명석 원격온보딩
김봉수,2026-08-07 15:45,원격 AS요청,김봉수,울산숲심리상담코칭센터,6209117448,AS,서상원,,,,,컴퓨터 + 프론트 온보딩 .,원격상원 원격as
김규리,2026-08-07 15:54,원격 AS요청,김규리,"더,빛나다",1732402073,온보딩,김현기,,,,,포프(휴대폰) + 유프 온보딩 요청드립니다.,현기_확인 원격현기 원격온보딩
김규리,2026-08-07 16:00,원격 AS요청,김규리,한국시찌다교육 송도점,7869302104,AS,서상원,,,,,포프(휴대폰) + 유프 온보딩 요청드립니다. / 대표님 정보 입력하면 운영하고 있는 다른 매장으로 로그인 된다고 하십니다.,원격상원 원격as
김봉수,2026-08-07 16:00,원격 AS요청,김봉수,다인메이크업 수원점,1043552141,온보딩,,,,,,테블릿 + 프론트 + 프린터  온보딩요청,명석 원격명석 원격온보딩
김규리,2026-08-07 16:05,원격 AS요청,김규리,낙곱새끝판왕 신시가지점,2050812484,온보딩,송태양,,,,,포프(휴대폰) + 유프 온보딩 요청드립니다.,태양_확인_ 원격태양 원격온보딩
김규리,2026-08-07 16:10,원격 AS요청,김규리,해오름뮤엠영어학원,8639301760,온보딩,,,,,,포프(노트북) + 유프 온보딩 요청드립니다. / 클래스업 사용도 필요하다고 하십니다!,명현 원격온보딩 원격명현
김규리,2026-08-07 16:15,원격 AS요청,김규리,럭키의하루,2181220804,온보딩,송태양,,,,,포프(태블릿) 온보딩 요청드립니다.,태양_확인_ 원격태양 원격온보딩 원격솔라피발송
김봉수,2026-08-07 16:45,원격 AS요청,김봉수,주식회사 대한한방연구소,1518803206,,,,O,,,노트북 + 프론트 온보딩,성철확인 1차_부재 2차_부재
김봉수,2026-08-07 16:45,원격 AS요청,김봉수,하우유네일(How u nail),7592202285,온보딩,김동욱,,,,,아이패드 + 프론트 + 프린터 온보딩요청,동욱_확인 원격동욱 원격온보딩 원격솔라피발송
김봉수,2026-08-07 17:30,원격 AS요청,김봉수,다온스킨케어,1246400860,,,,,,,노트북 + 프론트 + 프린터 온보딩요청,성철확인 원격성철 예약대기_
김봉수,2026-08-07 17:30,원격 AS요청,김봉수,네일이끌림,3714100069,AS,송태양,,,,,노트북 + 프론트 온보딩 .,태양_확인_ 원격태양 원격as
김봉수,2026-08-07 17:30,원격 AS요청,김봉수,오늘도예쁨,2400104009,온보딩,,,,,,테블릿or핸드폰  +프론트 + 프린터 온보딩요청,남수확인 원격남수 원격온보딩
김규리,2026-08-07 17:33,원격 AS요청,김규리,스스무(ssm),7700203717,AS,김현기,,,,,동일한 와이파이 연결했지만 연동 실패한다고 하십니다. 확인 부탁드립니다.,현기_확인 원격현기 원격as
김봉수,2026-08-07 17:45,원격 AS요청,김봉수,도야 갤러리,1024801272,,,,,,,노트북 + 프론트 + 프린터 온보딩,남수확인
김봉수,2026-08-07 17:45,원격 AS요청,김봉수,쭈미옷장,7103101788,온보딩,,,,,,핸드폰 + 프론트 + 프린터 온보딩,성철확인 원격성철 원격온보딩
김봉수,2026-08-07 18:00,원격 AS요청,김봉수,꼴통돼지,1160638142,AS,서상원,,,,,포스기 + 프론트 + 프린터 온보딩요청 .,원격상원 원격as
김봉수,2026-08-07 19:30,원격 AS요청,김봉수,유성모타,8481000736,AS,서상원,,,,,컴퓨터 + 프론트 온보딩 .,원격상원 원격as
김봉수,2026-08-07 19:45,원격 AS요청,김봉수,디어미뷰티(DEAR:ME),3940303688,,,,O,,,핸드폰 + 프론트 온보딩,2차_부재
김규리,2026-08-07 20:00,원격 AS요청,김규리,와이수학교습소,6129230087,AS,서상원,,,,,"포프(휴대폰, 노트북) + 유프 온보딩 요청드립니다. / 고령",원격상원 원격as
김봉수,2026-08-07 21:45,원격 AS요청,김봉수,오늘농장,8063101658,온보딩,서상원,,,,,핸드폰 + 프론트 + 프린터 온보딩요청,원격상원 원격온보딩
김봉수,2026-08-08 14:45,원격 AS요청,김봉수,공유오피스 이담,7113701482,AS,김현기,,,,,아이패드 + 프론트 온보딩,현기_확인 원격현기 원격as
김봉수,2026-08-08 15:00,원격 AS요청,김봉수,네일이끌림,3714100069,AS,서상원,,,,,아이패드 + 프론트 + 프린터 온보딩 .,원격상원 원격as
김봉수,2026-08-08 23:00,원격 AS요청,김봉수,평강공조,4987300725,,,,O,,,핸드폰 + 프론트 + 프린터 온보딩 .,2차_부재
김규리,2026-08-10 10:00,원격 AS요청,김규리,티알피(TRP),8930600743,온보딩,김동욱,,,,,포프(PC) 온보딩 요청드립니다.,동욱_확인 원격동욱 원격온보딩 원격솔라피발송
김규리,2026-08-10 10:00,원격 AS요청,김규리,삼겹당 은평점,4011625938,AS,김규빈,,,,,기기 설치 후 결제 테스트 진행했더니 ' van 설치 후 사용 가능합니다.'라는 문구가 뜬다고 하십니다. 확인 부탁드립니다.,규빈_확인2 원격규빈 원격as
김봉수,2026-08-10 11:00,원격 AS요청,김봉수,온리원펄슨(Only 1 person),1122405089,온보딩,김규빈,,,,,노트북 + 프론트 + 프린터 온보딩,규빈_확인2 원격규빈 원격온보딩
김규리,2026-08-10 11:00,원격 AS요청,김규리,최정원헤어살롱,1380352385,AS,김규빈,,,,,포프(PC) + 유프 온보딩 요청드립니다.,규빈_확인2 원격규빈 원격as
김규리,2026-08-10 12:00,원격 AS요청,김규리,스튜디오미(studio me),5541003181,,김규빈,,O,,,포프(태블릿) + 유프 온보딩 요청드립니다.,규빈_확인2 1차_부재 2차_부재
김봉수,2026-08-10 13:45,원격 AS요청,김봉수,온결,8960403783,AS,김현기,O,,,,컴퓨터 + 프론트 온보딩요청,현기_확인 1차_부재 원격as 원격현기
김규리,2026-08-10 13:58,원격 AS요청,김규리,랩페이스 에스테틱,3533600368,AS,서상원,,,,,포프(휴대폰) 온보딩 요청드립니다.,원격상원 원격as
김규리,2026-08-10 14:00,원격 AS요청,김규리,카와스파(KAWASPA),8175100939,온보딩,서상원,,,,,포프(노트북) + 유프 온보딩 요청드립니다.,원격상원 원격온보딩
김규리,2026-08-10 14:30,원격 AS요청,김규리,원할인마트,1221063129,AS,심성현,,,,,포프(휴대폰) + 유프 온보딩 요청드립니다.,성현_확인 원격성현 원격as
김규리,2026-08-10 15:30,원격 AS요청,김규리,스시즈메,7793701509,온보딩,최민석,,,,,"포프(휴대폰) 온보딩 요청드립니다. / 핫스팟 연동 희망, 추후 노트북 연결 희망",민석확인 원격민석 원격온보딩
김봉수,2026-08-10 16:15,원격 AS요청,김봉수,이쁘니샵,1430702100,AS,심성현,,,,,컴퓨터 + 프론트 + 프린트 온보딩,성현_확인 원격성현 원격as
김봉수,2026-08-10 17:45,원격 AS요청,김봉수,주식회사 암브로즈,7338603891,AS,최민석,,,,,핸드폰 + 프론트 온보딩,민석확인 원격민석 원격as
김봉수,2026-08-10 17:45,원격 AS요청,김봉수,바디작.휴(bodyjak.hue),7136900137,온보딩,심성현,,,,,핸드폰 + 프론트 온보딩요청,성현_확인 원격성현 원격솔라피발송 원격온보딩
김규리,2026-08-10 18:30,원격 AS요청,김규리,장미란음악학원,1229189211,AS,배선유,,,,,포프(휴대폰) + 유프 온보딩 요청드립니다.,선유_확인 원격선유 원격as
김봉수,2026-08-10 18:45,원격 AS요청,김봉수,산북 청림채 농원,3553201837,온보딩,최민석,,,,,노트북 + 프론트 온보딩요청,민석확인 원격민석 원격온보딩
김봉수,2026-08-10 19:15,원격 AS요청,김봉수,지씨오(GCO)안경 수색점,3300803001,온보딩,최민석,,,,,노트북 + 프론트 + 프린터 온보딩요청 .,민석확인 원격민석 원격온보딩 원격솔라피발송
김봉수,2026-08-10 20:30,원격 AS요청,김봉수,농업회사법인 술오름 주식회사,4348703176,온보딩,최민석,,,,,노트북 + 프론트 + 프린터 온보딩요청,민석확인 원격민석 원격온보딩
김봉수,2026-08-11 09:45,원격 AS요청,김봉수,바른커머스,8302502305,AS,김현기,,,,,터미널+프론트 온보딩요청,현기_확인 원격as 원격현기
김규리,2026-08-11 10:00,원격 AS요청,김규리,숲 영어,5239402247,AS,송태양,,,,,포프(휴대폰) + 유프 온보딩 요청드립니다.,태양_확인_ 원격태양 원격as
김봉수,2026-08-11 10:15,원격 AS요청,김봉수,예나옷장,7562900481,,김동욱,,O,,,테블릿 + 프론트 + 프린터  온보딩,동욱_확인 1차_부재 2차_부재
김규리,2026-08-11 10:21,원격 AS요청,김규리,주식회사 대한한방연구소,1518803206,온보딩,김동욱,,,,,노트북 + 프론트 온보딩,동욱_확인 원격동욱 원격온보딩 원격솔라피발송
김봉수,2026-08-11 10:45,원격 AS요청,김봉수,반가워에듀,1689901575,,송태양,,O,,,노트북 + 프론트 온보딩,태양_확인_ 1차_부재 2차_부재
김규리,2026-08-11 11:30,원격 AS요청,김규리,또래오래신서점&분식,4341001119,온보딩,김규빈,,,,,포프(휴대폰) 온보딩 요청드립니다. / 프론트와 기존 사용하시던 프린터기와 연결 원하십니다. 확인 부탁드립니다.,규빈_확인2 원격규빈 원격온보딩
김봉수,2026-08-11 13:00,원격 AS요청,김봉수,도깨비과일,4829302070,,,,,O,,노트북 + 프론트 + 프린터 온보딩요청,중복2
김봉수,2026-08-11 13:45,원격 AS요청,김봉수,라즈베리헤븐,3761503010,AS,심성현,,,,,아이폰 + 프론트 + 프린터 온보딩 .,성현_확인 원격성현 원격as
김규리,2026-08-11 14:00,원격 AS요청,김규리,주식회사 벤코스튬,3808603343,온보딩,심성현,,,,,포프(PC) 온보딩 요청드립니다.,성현_확인 원격성현 원격온보딩 원격솔라피발송
김규리,2026-08-11 15:00,원격 AS요청,김규리,살루트빠,3734601133,,,,,,O,터프 (휴대폰) 온보딩 요청 드립니다.,x
김규리,2026-08-11 15:45,원격 AS요청,김규리,김기준영어학원,7969301820,온보딩,고경림,,,,,포프 + 유프 온보딩 요청드립니다.,경림_확인 원격경림 원격온보딩
김규리,2026-08-11 16:00,원격 AS요청,김규리,디알피 필라테스 아카데미 (DRP),4715400864,AS,서상원,,,,,프린터기 연결이 어렵다고 하십니다. 확인 부탁드립니다. / 프론트는 설치 완료,원격상원 원격as
김봉수,2026-08-11 16:30,원격 AS요청,김봉수,원북원커피,7300503802,AS,송태양,,,,,노트북 + 프론트 + 프린터 온보딩.,태양_확인_ 원격태양 원격as
김규리,2026-08-11 17:00,원격 AS요청,김규리,영 노래연습장,1256500818,온보딩,고경림,,,,,포프 온보딩 요청드립니다. / 고령 / 토스 포스 설명해드려도 어려워하십니다ㅠㅠ,경림_확인 원격경림 원격온보딩
김봉수,2026-08-11 17:21,원격 AS요청,김봉수,우리동네와인슈퍼,5725100638,AS,김현기,,,,,노트북 + 프론트 온보딩,현기_확인 원격현기 원격as
김규리,2026-08-11 17:30,원격 AS요청,김규리,샤론 멍 스톤,7200903138,,배선유,,O,,,포프(노트북) + 유프 온보딩 요청드립니다.,선유_확인 1차_부재 2차_부재
김봉수,2026-08-11 18:45,원격 AS요청,김봉수,우화아틀리에미술학원,1459402090,AS,최민석,,,,,아이폰 + 프론트 + 프린터 온보딩요청 .,민석확인 원격민석 원격as
김봉수,2026-08-11 19:00,원격 AS요청,김봉수,바로땃슈,4225500781,온보딩,최민석,,,,,아이폰 + 프론트 + 프린터 온보딩요청,민석확인 원격민석 원격온보딩
김봉수,2026-08-12 10:00,원격 AS요청,김봉수,올데이파티,4097400625,,고경림,,O,,,핸드폰 + 프론트 + 프린터 온보딩,경림_확인 1차_부재 2차_부재
김규리,2026-08-12 10:00,원격 AS요청,김규리,희망에듀,8699901853,AS,심성현,,,,,포프 + 유프 온보딩 요청드립니다.,성현_확인 원격성현 원격as
김규리,2026-08-12 10:15,원격 AS요청,김규리,어썸팩토리 목동3플레이스독서실,8509601260,온보딩,심성현,,,,,'프론트가 다른 매장에 연결되어 있어요'라는 문구가 뜬다고 하십니다. 확인 부탁드립니다.,성현_확인 원격성현 원격온보딩 원격솔라피발송
김규리,2026-08-12 10:35,원격 AS요청,김규리,한멋국악학원,3129507523,AS,고경림,,,,,포프(휴대폰) + 유프 온보딩 요청드립니다. / 매장에 인터넷 여부 여쭤봤지만 잘 모르겠다고 하십니다. 확인 부탁드립니다ㅠㅠ / 고령,경림_확인 원격경림 원격as
김봉수,2026-08-12 10:45,원격 AS요청,김봉수,첫인상,4280903208,AS,배선유,,,,,노트북 + 프론트 온보딩.,선유_확인 원격선유 원격as
김규리,2026-08-12 11:00,원격 AS요청,김규리,머리마루,3900403816,AS,김현기,,,,,올바른 정보를 입력해도 매장 정보가 올바르지 않다는 문구가 뜬다고 하십니다. 확인 부탁드립니다.,현기_확인 원격현기 원격as
김봉수,2026-08-12 12:15,원격 AS요청,김봉수,수완이지수학학원,2549500559,온보딩,김규빈,,,,,갤럭시 + 프론트 온보딩 .,규빈_확인2 원격규빈 원격온보딩
김봉수,2026-08-12 12:45,원격 AS요청,김봉수,넘말,4671501996,AS,심성현,,,,,포스기 주문한거 말고 1개 더 본인소유제품 있느데 토스포스 설치 가능한 제품인지 사양확인요청 .,성현_확인 원격성현 원격as
김봉수,2026-08-12 13:45,원격 AS요청,김봉수,엔무드네일(N.MOOD nail),5611502899,AS,고경림,,,,,아이폰 + 프론트 + 프린터,경림_확인 원격경림 원격as
김봉수,2026-08-12 13:45,원격 AS요청,김봉수,(주)에스유엠건축사사무소,7128702631,온보딩,김동욱,,,,,탭 + 프론트 온보딩 .,동욱_확인 원격동욱 원격온보딩 원격솔라피발송
김규리,2026-08-12 14:00,원격 AS요청,김규리,"네일,모해",5895700749,AS,송태양,,,,,리뷰 관리 관련해서 자세한 설명 요청하셨습니다. 확인 부탁드립니다!,태양_확인_ 원격태양 원격as
김규리,2026-08-12 15:00,원격 AS요청,김규리,왕갈비를 품은닭,3013087299,AS,김현기,,,,,포프 + 유프 온보딩 요청드립니다. / 기존 사용하시던 포스기와 연결 희망하십니다.,현기_확인 원격현기 원격as
김규리,2026-08-12 15:30,원격 AS요청,김규리,민속촌영광점,1800703170,AS,고경림,,,,,프론트와 기존에 사용하시던 영수증 프린터기와 연결 희망하십니다. 확인 부탁드립니다!,경림_확인 원격경림 원격as
김봉수,2026-08-12 15:48,원격 AS요청,김봉수,젤라또 테이블,5970603895,AS,심성현,O,,,,테블릿 + 프론트 온보딩 요청 (보유중 프린터 연결가능한지도 문의),성현_확인 1차_부재 원격성현 원격as
김규리,2026-08-12 16:00,원격 AS요청,김규리,아초원,8394700820,AS,김규빈,,,,,포프(휴대폰) + 유프 온보딩 요청드립니다.,규빈_확인2 원격규빈 원격as
김봉수,2026-08-12 16:30,원격 AS요청,김봉수,꼴통돼지,1160638142,AS,배선유,O,,,,노트북  + 프론트 + 프린터 온보딩요청 .,선유_확인 1차_부재 원격선유 원격as
김규리,2026-08-12 17:03,원격 AS요청,김규리,빈헤어모드,1921102676,온보딩,고경림,,,,,포프(노트북) + 유프 온보딩 요청드립니다.,경림_확인 원격경림 원격온보딩
김규리,2026-08-12 18:00,원격 AS요청,김규리,진스카페,4306800220,AS,최민석,,,,,포프(노트북) + 유프 온보딩 요청드립니다.,민석확인 원격민석 원격as
김봉수,2026-08-12 19:15,원격 AS요청,김봉수,샤론 멍 스톤,7200903138,온보딩,서상원,,,,,포프(노트북) + 유프 온보딩 요청드립니다.,원격상원 원격온보딩
김봉수,2026-08-12 20:00,원격 AS요청,김봉수,소이에요가(SOI:E YOGA),5160204204,온보딩,최민석,,,,,아이폰 + 프론트+프린터 온보딩요청,민석확인 원격민석 원격온보딩
김봉수,2026-08-12 22:15,원격 AS요청,김봉수,영어 중심 틔움 푸르넷,3069116863,온보딩,최민석,O,,,,테블릿 + 프론트 온보딩,민석확인 원격민석 1차_부재 원격온보딩
김규리,2026-08-13 10:00,원격 AS요청,김규리,아리필라테스(Ari Pilates),5827100822,온보딩,배선유,,,,,포프(휴대폰) + 유프 온보딩 요청드립니다.,선유_확인 원격선유 원격온보딩 원격솔라피발송
김봉수,2026-08-13 10:15,원격 AS요청,김봉수,반가워에듀,1689901575,온보딩,김현기,,,,,노트북 + 프론트 온보딩,현기_확인 원격현기 원격온보딩
김규리,2026-08-13 10:30,원격 AS요청,김규리,큐사랑 첨단에드가점,4146100781,AS,심성현,,,,,터프 (휴대폰) 온보딩 요청드립니다.,성현_확인 원격성현 원격as
김봉수,2026-08-13 11:00,원격 AS요청,김봉수,라즈베리헤븐,3761503010,온보딩,심성현,,,,,아이폰 + 프론트 + 프린터 온보딩 .,성현_확인 원격성현 원격솔라피발송 원격온보딩
김규리,2026-08-13 11:00,원격 AS요청,김규리,지리산 산야화 꿀벌농장,3619501818,AS,배선유,,,,,포프(휴대폰) + 유프 온보딩 요청드립니다. / 고령,선유_확인 원격선유 원격as
김규리,2026-08-13 11:30,원격 AS요청,김규리,유노이아 도산,5408701060,AS,고경림,,,,,동일 와이파이 연결했지만 연동 불가라고 하십니다. 확인 부탁드립니다. / 포프+유프 주문 매장,경림_확인 원격경림 원격as
김봉수,2026-08-13 12:00,원격 AS요청,김봉수,하이윰,5590902482,,송태양,,O,,,테블릿 + 프론트 + 프린터  온보딩,태양_확인_ 1차_부재 2차_부재 블루체크
김규리,2026-08-13 12:30,원격 AS요청,김규리,엘리프 해운대센텀캠퍼스 어학원,6298502034,온보딩,김규빈,,,,,포프(휴대폰) + 유프 온보딩 요청드립니다.,규빈_확인2 원격규빈 원격온보딩
김봉수,2026-08-13 13:00,원격 AS요청,김봉수,랩페이스 에스테틱,3533600368,온보딩,배선유,,,,,포프(휴대폰) 온보딩 요청드립니다.,선유_확인 원격선유 원격온보딩 블루체크
김규리,2026-08-13 15:00,원격 AS요청,김규리,에벤에셀훌라댄스학원,2351203120,AS,송태양,,,,,포프(휴대폰) 온보딩 요청드립니다. / 핫스팟으로 연결 필요합니다!,태양_확인_ 원격태양 원격as
김규리,2026-08-13 15:45,원격 AS요청,김규리,부뚜막,6990104496,온보딩,배선유,,,,,포프(휴대폰) + 유프 온보딩 요청드립니다.,선유_확인 원격선유 원격온보딩 원격솔라피발송
김규리,2026-08-13 16:00,원격 AS요청,김규리,멍 존,8170203656,AS,심성현,,,,,"사용하시는 포스기와 프론트 연결 원하십니다. 확인 부탁드립니다. / 유프+포프 주문 / 포스기에 네이버 단말기, 토스 단말기 동시 설치 원하십니다.",성현_확인 원격성현 원격as 원격솔라피발송
김규리,2026-08-13 16:14,원격 AS요청,김규리,과수원수학교습소,8629202212,온보딩,심성현,,,,,포프(PC) 온보딩 요청드립니다.,성현_확인 원격성현 원격온보딩 원격솔라피발송
김봉수,2026-08-13 16:15,원격 AS요청,김봉수,그리고예쁘다,7980601184,온보딩,고경림,,,,,아이폰 + 프론트 온보딩요청 .,경림_확인 원격경림 원격온보딩
김규리,2026-08-13 16:15,원격 AS요청,김규리,노동법률사무소 강단,3920603553,,고경림,,O,,,포프(휴대폰) 온보딩 요청드립니다.,경림_확인 1차_부재 2차_부재
김봉수,2026-08-13 16:37,원격 AS요청,김봉수,O.yoga studio,4131100876,AS,고경림,,,,,핸드폰 + 프론트 온보딩요청,경림_확인 원격as 원격경림
김규리,2026-08-13 17:00,원격 AS요청,김규리,웬디의 힐링레시피,5443601643,AS,심성현,,,,,포프(노트북) 온보딩 요청드립니다.,성현_확인 원격성현 원격as
김규리,2026-08-13 17:14,원격 AS요청,김규리,경주 G.G.P,3454401022,온보딩,고경림,,,,,포프(아이패드) 온보딩 요청드립니다.,경림_확인 원격경림 원격온보딩
김규리,2026-08-13 17:15,원격 AS요청,김규리,아초원,8394700820,AS,고경림,,,,,포프(휴대폰) + 유프 온보딩 요청드립니다.,경림_확인 원격as 원격경림
김규리,2026-08-13 17:30,원격 AS요청,김규리,고려인삼,3055202692,온보딩,고경림,,,,,포프(휴대폰) + 유프 온보딩 요청드립니다.,경림_확인 원격경림 원격온보딩
김규리,2026-08-13 17:45,원격 AS요청,김규리,카베즈모터스,6172778133,AS,김동욱,O,,,,포프(휴대폰) 온보딩 요청드립니다.,동욱_확인 1차_부재 원격동욱 원격as
김규리,2026-08-13 18:00,원격 AS요청,김규리,다윤꼬마김밥.덮밥,2145900999,온보딩,최민석,O,,,,포프(휴대폰) + 유프 온보딩 요청드립니다.,민석확인 원격민석 1차_부재 원격온보딩
김규리,2026-08-13 19:00,원격 AS요청,김규리,꿈꾸는 음악학원,2599101308,,,,,O,,포프(휴대폰) + 유프 온보딩 요청드립니다.,중복2
김규리,2026-08-13 19:30,원격 AS요청,김규리,투셰에센스,5665900944,온보딩,최민석,O,,,,포프(휴대폰) + 유프 온보딩 요청드립니다.,민석확인 원격민석 1차_부재 원격온보딩
김규리,2026-08-13 20:30,원격 AS요청,김규리,온리원담마컴퍼니,2116801268,,최민석,,O,,,포프(노트북) 온보딩 요청드립니다.,민석확인 원격민석 1차_부재 2차_부재
김규리,2026-08-14 10:00,원격 AS요청,김규리,삼오LED조명,5034927341,온보딩,송태양,,,,,포프(PC) + 유프 온보딩 요청드립니다. / 고령,태양_확인_ 원격태양 원격온보딩 원격솔라피발송
김규리,2026-08-14 10:15,원격 AS요청,김규리,아타요가,7120301175,온보딩,심성현,,,,,포프(휴대폰) 온보딩 요청드립니다.,성현_확인 원격성현 원격솔라피발송 원격온보딩
김규리,2026-08-14 10:30,원격 AS요청,김규리,청미상사,3010368729,온보딩,김규빈,,,,,포프(PC) + 유프 온보딩 요청드립니다.,규빈_확인2 원격규빈 원격온보딩
김봉수,2026-08-14 11:29,원격 AS요청,김봉수,첫인상,4280903208,AS,고경림,,,,,노트북 + 프론트 온보딩.,경림_확인 원격as 원격경림
김규리,2026-08-14 11:45,원격 AS요청,김규리,오늘도...예쁨,4011457488,온보딩,김규빈,,,,,포프 (PC) 온보딩 요청드립니다.,규빈_확인2 원격규빈 원격온보딩
김규리,2026-08-14 13:30,원격 AS요청,김규리,필라테스365유니시티,7412101968,온보딩,고경림,,,,,포프(PC) + 유프 온보딩 요청드립니다.,경림_확인 원격경림 원격온보딩
김규리,2026-08-14 14:00,원격 AS요청,김규리,빽보이피자 속초조양점,3685801037,AS,심성현,,,,,포프 + 유프 온보딩 요청드립니다. / 기존에 사용하시던 타사 포스기 연결 원하십니다.,성현_확인 원격성현 원격as
김봉수,2026-08-14 14:45,원격 AS요청,김봉수,큐브 헤어,5864401434,온보딩,최민석,,,,,컴퓨터 + 프론트 +프린터 온보딩요청,민석확인 원격민석 원격온보딩
김봉수,2026-08-14 15:00,원격 AS요청,김봉수,레드펭귄진주미술학원,7699300737,온보딩,최민석,O,,,,핸드폰 + 프론트 + 프린터 (온보딩),민석확인 원격민석 1차_부재 원격온보딩
김규리,2026-08-14 15:00,원격 AS요청,김규리,제이씨엘 에스테틱,5056300494,AS,서상원,,,,,포프(휴대폰) 온보딩 요청드립니다.,원격상원 원격as
김규리,2026-08-14 15:15,원격 AS요청,김규리,사월일일(April 1),1870603553,AS,서상원,,,,,포프(노트북) + 유프 온보딩 요청드립니다.,원격상원 원격as
김봉수,2026-08-14 15:44,원격 AS요청,김봉수,다모아,7320200488,AS,김동욱,,,,,방문설치전 컴퓨터 사양확인부탁드립니다 (컴퓨터 사용 8년넘었다합니다 대충10년가까이 된거같다함 ),동욱_확인 원격동욱 원격as
김봉수,2026-08-14 15:45,원격 AS요청,김봉수,우주커머스,5291103372,,배선유,,O,,,테블릿 + 프론트 + 프린터 온보딩,선유_확인 1차_부재 2차_부재
김봉수,2026-08-14 18:45,원격 AS요청,김봉수,오프샵 (OFFSHOP),4264301339,온보딩,최민석,,,,,핸드폰/노트북 + 프론트  온보딩요청,민석확인 원격민석 원격온보딩
김규리,2026-08-14 19:00,원격 AS요청,김규리,실버브릿지 연구소,7471802548,온보딩,최민석,,,,,포프 + 유프 온보딩 요청드립니다.,민석확인 원격민석 원격온보딩
김규리,2026-08-14 21:00,원격 AS요청,김규리,미래소비자협회,4945800109,AS,최민석,,,,,포프(휴대폰) 온보딩 요청드립니다.,민석확인 원격민석 원격as
김봉수,2026-08-14 23:00,원격 AS요청,김봉수,다락 혼술바,5451403074,온보딩,최민석,,,,,아이폰 + 프론트 + 프린터 온보딩,민석확인 원격민석 원격온보딩
김규리,2026-08-17 10:30,원격 AS요청,김규리,유림농수산,3901602751,,김동욱,,O,,,포프(휴대폰) 온보딩 요청드립니다. / 고령,동욱_확인 1차_부재 2차_부재
김규리,2026-08-17 14:00,원격 AS요청,김규리,우정세무회계,3723801528,AS,김동욱,,,,,포프(휴대폰) 온보딩 요청드립니다.,동욱_확인 원격동욱 원격as
김봉수,2026-08-18 12:00,원격 AS요청,김봉수,웬디의 힐링레시피,5443601643,AS,배선유,,,,,테블릿 + 프론트 온보딩요청,선유_확인 원격선유 원격as
김봉수,2026-08-18 13:59,원격 AS요청,김봉수,빽보이피자 속초조양점,3685801037,AS,김동욱,,,,,기존포스기 + 프론트 + 프린터 온보딩요청 .,동욱_확인 원격동욱 원격as
김봉수,2026-08-18 14:00,원격 AS요청,김봉수,윤하 스킨케어,2661103317,AS,김기범,,,,,핸드폰 + 프론트 온보딩,기범 원격as 원격기범
김규리,2026-08-18 14:14,원격 AS요청,김규리,잉글리쉬무무양지학원,4029038800,온보딩,고경림,O,,,,포프(PC) + 유프 온보딩 요청드립니다.,경림_확인 1차_부재 원격경림 원격온보딩
김규리,2026-08-18 15:00,원격 AS요청,김규리,경진드론,3715500765,AS,고경림,,,,,포프(휴대폰) + 유프 온보딩 요청드립니다. / 매장에 인터넷 없어 핫스팟 연동 요청하셨습니다.,경림_확인 원격as 원격경림
김규리,2026-08-18 15:00,원격 AS요청,김규리,자이음악학원,8469502109,AS,고경림,O,,,,포프(태블릿) 온보딩 요청드립니다.,경림_확인 1차_부재 원격as 원격경림
김규리,2026-08-18 15:15,원격 AS요청,김규리,임사부국밥냉면 용이점,3811102960,온보딩,배선유,,,,,포프(휴대폰) 온보딩 요청드립니다.,선유_확인 원격선유 원격온보딩
김봉수,2026-08-18 15:30,원격 AS요청,김봉수,간바레,7311700780,AS,김동욱,,,,,노트북 + 프론트 + 프린터 온보딩,동욱_확인 원격동욱 원격as
김규리,2026-08-18 15:33,원격 AS요청,김규리,배움수학교습소,1869802032,온보딩,최민석,,,,,포프(휴대폰) + 유프 온보딩 요청드립니다.,민석확인 원격민석 원격온보딩 원격솔라피발송
김봉수,2026-08-18 16:15,원격 AS요청,김봉수,트레비,8790503602,온보딩,최민석,,,,,컴퓨터 + 프론트 + 프린터 온보딩요청 .,민석확인 원격민석 원격온보딩 원격솔라피발송
김봉수,2026-08-18 18:45,원격 AS요청,김봉수,실바(silva),4540703412,온보딩,김현기,,,,,테블릿 + 프론트 + 프린터 온보딩,현기_확인 원격현기 원격온보딩 원격솔라피발송
김봉수,2026-08-18 19:30,원격 AS요청,김봉수,포레스타 음악학원,5279601400,온보딩,최민석,,,,,노트북 + 프론트 + 프린터 온보딩,민석확인 원격민석 원격온보딩 원격솔라피발송
김봉수,2026-08-18 20:45,원격 AS요청,김봉수,부자 필라테스,7326600554,온보딩,최민석,,,,,핸드폰 + 프론트 + 프린터 온보딩 .,민석확인 원격민석 원격온보딩
김규리,2026-08-19 09:00,원격 AS요청,김규리,기혈명가(氣血名家),2400203555,온보딩,김동욱,,,,,포프(PC) 온보딩 요청들비니다.,동욱_확인 원격동욱 원격온보딩 원격솔라피발송
김봉수,2026-08-19 09:45,원격 AS요청,김봉수,한국커피문화아카데미협회 로스트커피도르,5973600779,,,,,,O,노트북 + 프론트 온보딩.,x
김봉수,2026-08-19 09:45,원격 AS요청,김봉수,그린아트스콜레릴리미술학원,1799202139,AS,배선유,O,,,,테블릿 + 프론트 온보딩,선유_확인 1차_부재 원격선유 원격as
김규리,2026-08-19 10:00,원격 AS요청,김규리,공증인 김세진 사무소,3959102239,AS,심성현,,,,,포프(PC) + 유프 온보딩 요청드립니다.,성현_확인 원격성현 원격as
김봉수,2026-08-19 10:45,원격 AS요청,김봉수,더한복,3545900680,온보딩,배선유,,,,,컴퓨터 + 프론트 온보딩,선유_확인 원격선유 원격온보딩
김봉수,2026-08-19 11:44,원격 AS요청,김봉수,윤하 스킨케어,2661103317,AS,배선유,,,,,노트북 + 프론트 온보딩,선유_확인 원격선유 원격as
김봉수,2026-08-19 11:45,원격 AS요청,김봉수,어화둥둥내강아지,4702001638,AS,배선유,,,,,핸드폰 + 프론트 + 프린트 온보딩 .,선유_확인 원격선유 원격as
김규리,2026-08-19 12:00,원격 AS요청,김규리,용인대 아이짐 태권도,7879200188,AS,김현기,O,,,,포프(휴대폰) + 유프 온보딩 요청드립니다.,현기_확인 1차_부재 원격현기 원격as
김규리,2026-08-19 12:00,원격 AS요청,김규리,보그,1340598480,온보딩,김현기,,,,,포프(노트북) 온보딩 요청드립니다. / SOS 프로그램 연동 희망하십니다.,현기_확인 원격현기 원격온보딩
김봉수,2026-08-19 12:45,원격 AS요청,김봉수,우리풋살 & 우리풋볼아카데미,5883600950,온보딩,서상원,,,,,컴퓨터 + 프론트 온보딩요청 .,선유_확인 원격상원 원격온보딩
김봉수,2026-08-19 13:00,원격 AS요청,김봉수,제이씨엘 에스테틱,5056300494,온보딩,고경림,,,,,포프(휴대폰) 온보딩 요청드립니다.,경림_확인 원격경림 원격온보딩
김봉수,2026-08-19 13:45,원격 AS요청,김봉수,다채로운 플라워,2670402671,온보딩,심성현,,,,,핸드폰 + 프론트 + 프린터 온보딩,성현_확인 원격성현 원격온보딩 원격솔라피발송
김규리,2026-08-19 14:00,원격 AS요청,김규리,에이탑,4251600535,온보딩,고경림,,,,,포프(휴대폰) 온보딩 요청드립니다.,경림_확인 원격경림 원격온보딩
김규리,2026-08-19 14:15,원격 AS요청,김규리,바다네일,5625401010,온보딩,고경림,,,,,"포프(휴대폰, PC) + 유프 온보딩 요청드립니다.",경림_확인 원격경림 원격온보딩
김봉수,2026-08-19 14:45,원격 AS요청,김봉수,그린아트스콜레릴리미술학원,1799202139,온보딩,배선유,,,,,테블릿 + 프론트 온보딩,선유_확인 원격선유 원격온보딩
김봉수,2026-08-19 15:00,원격 AS요청,김봉수,포항드림웨이(POHANGDREAMWAY)모델아카데미,5602402466,AS,심성현,,,,,핸드폰 + 프론트 온보딩 .,성현_확인 원격성현 원격as 원격솔라피발송
김규리,2026-08-19 15:15,원격 AS요청,김규리,아늠헤어,7750403996,AS,고경림,,,,,포프(휴대폰) + 유프 온보딩 요청드립니다.,경림_확인 원격경림 원격as
김규리,2026-08-19 17:29,원격 AS요청,김규리,실로암수학,1399202276,온보딩,고경림,,,,,포프(휴대폰) 온보딩 요청드립니다.,경림_확인 원격경림 원격온보딩
김봉수,2026-08-19 17:30,원격 AS요청,김봉수,스타무용학원,2509901364,AS,김동욱,,,,,테블릿 + 프론트 + 프린터,동욱_확인 원격동욱 원격as
김규리,2026-08-19 17:45,원격 AS요청,김규리,솔루션영수학원,1169300194,AS,김현기,,,,,"결제 진행하였으나 영수증이 출력 되지 않는다고 하십니다. / 포프 + 유프 18일 원격 진행, 온보딩 완료",현기_확인 원격현기 원격as
김봉수,2026-08-19 18:30,원격 AS요청,김봉수,에이투웨이,8450203909,AS,심성현,,,,,컴퓨터 + 프론트 + 프린터,성현_확인 원격성현 원격as
김규리,2026-08-19 18:30,원격 AS요청,김규리,검단브레인뮤직아트음악학원,8999001787,온보딩,김현기,,,,,"포프(휴대폰, PC) 온보딩 요청드립니다.",현기_확인 원격현기 원격온보딩
김규리,2026-08-19 18:45,원격 AS요청,김규리,계란집옆공방,2083702869,,최민석,,O,,,포프 온보딩 요청드립니다. / 토스 포스 설치 기기는 고민 중이라고 하십니다.,민석확인 원격민석 1차_부재 2차_부재
김봉수,2026-08-19 19:15,원격 AS요청,김봉수,또렷,7567800475,,,,,,O,노트북 + 프론트 온보딩,x
김봉수,2026-08-19 19:15,원격 AS요청,김봉수,쓰마일 남성컷,6121393355,온보딩,최민석,,,,,노트북+프론트+프린터 온보딩요청 .,민석확인 원격민석 원격온보딩
김봉수,2026-08-19 20:45,원격 AS요청,김봉수,아담아트,1543301264,온보딩,최민석,,,,,노트북 + 프론트 온보딩요청,민석확인 원격민석 원격온보딩
김봉수,2026-08-20 00:45,원격 AS요청,김봉수,라라클라라,2010853843,,,,,,,아이패드 + 프론트 온보딩요청,
김봉수,2026-08-20 04:45,원격 AS요청,김봉수,제이뷰티클래스,4177001267,,,,,,O,노트북+프론트 온보딩,x
김봉수,2026-08-20 09:45,원격 AS요청,김봉수,우등마켓,6186200736,,김규빈,,O,,,핸드폰 + 프론트  온보딩,규빈_확인2 1차_부재 2차_부재
김규리,2026-08-20 10:36,원격 AS요청,김규리,미 & 끼,6102034469,AS,심성현,,,,,포프(휴대폰) + 유프 온보딩 요청드립니다.,성현_확인 원격성현 원격as
김규리,2026-08-20 11:13,원격 AS요청,김규리,굿네일(GOOD NAIL),8233002179,온보딩,배선유,,,,,포프 온보딩 요청드립니다.,선유_확인 원격선유 원격온보딩
김규리,2026-08-20 13:00,원격 AS요청,김규리,하루쟁이,5302601567,AS,배선유,,,,,터프 온보딩 요청드립니다. (PC),선유_확인 원격선유 원격as
김규리,2026-08-20 13:30,원격 AS요청,김규리,한국시기능훈련센터 기흥센터,6035200507,온보딩,서상원,,,,,포프(PC) 온보딩 요청드립니다.,원격상원 원격온보딩
김규리,2026-08-20 14:33,원격 AS요청,김규리,몽블랑헤어살롱,8041602094,온보딩,심성현,,,,,포프(휴대폰) 온보딩 요청드립니다.,성현_확인 원격성현 원격솔라피발송 원격온보딩
김규리,2026-08-20 15:30,원격 AS요청,김규리,오에뜨(OETTE),4041294396,,김현기,,O,,,포프(휴대폰) + 유프 온보딩 요청드립니다.,현기_확인 1차_부재 2차_부재
김규리,2026-08-20 15:45,원격 AS요청,김규리,리드인독서논술북면감계논술교습소,8649801899,온보딩,최민석,,,,,포프 + 유프 온보딩 요청드립니다. /  <https://w1659946222-hxm266180.slack.com/archives/C09HRUSG4TX/p1787122138552269|클래스업 계약 완료 및 플러그인,민석확인 원격민석 원격온보딩
김규리,2026-08-20 16:00,원격 AS요청,김규리,아피니타(AFFINITA),1541702472,온보딩,심성현,,,,,포프(태블릿) + 유프 온보딩 요청드립니다.,성현_확인 원격성현 원격솔라피발송 원격온보딩
김봉수,2026-08-20 16:45,원격 AS요청,김봉수,프렌즈 스크린 화곡점,7543501336,온보딩,서상원,,,,,컴퓨터+프론트+프린터 온보딩,원격상원 원격온보딩
김봉수,2026-08-20 16:45,원격 AS요청,김봉수,제이뷰티클래스,4177001267,온보딩,김동욱,,,,,노트북+프론트 온보딩,동욱_확인 원격동욱 원격온보딩 원격솔라피발송
김규리,2026-08-20 17:00,원격 AS요청,김규리,모수림,1607100618,온보딩,배선유,,,,,터프(휴대폰) 온보딩 요청드립니다.,선유_확인 원격선유 원격온보딩
김봉수,2026-08-20 17:30,원격 AS요청,김봉수,뇨글뇨글버터,6754600966,온보딩,고경림,,,,,핸드폰+ 프론트 + 프린터 온보딩,경림_확인 원격경림 원격온보딩
김봉수,2026-08-20 17:44,원격 AS요청,김봉수,바닐라 레터(Vanilla letter),7623501623,온보딩,서상원,,,,,테블릿 + 프론트+프린터,원격상원 원격온보딩
김규리,2026-08-20 18:15,원격 AS요청,김규리,상무베스트음악학원,4109243875,온보딩,최민석,,,,,포프(휴대폰) + 유프 온보딩 요청드립니다.,민석확인 원격민석 원격온보딩
김규리,2026-08-20 18:30,원격 AS요청,김규리,동남위더스영어학원,2479101552,온보딩,최민석,,,,,포프(휴대폰) + 유프 온보딩 요청드립니다.,민석확인 원격민석 원격온보딩
김봉수,2026-08-20 18:45,원격 AS요청,김봉수,크림하우스,1660403057,온보딩,최민석,,,,,테블릿/노트북 + 프론트 + 프린터 온보딩,민석확인 원격민석 원격온보딩
김규리,2026-08-20 22:30,원격 AS요청,김규리,비플러스,6121493916,AS,최민석,,,,,포프 + 유프 + 기존 매장 포스기 온보딩 요청드립니다. / 쿠팡 포스 / 단말기 화면 크게 볼 수 있도록 태블릿 연결할 수 있는지 문의하셨습니다.,민석확인 원격민석 원격as
김봉수,2026-08-21 09:00,원격 AS요청,김봉수,오리진 능내,1890303806,온보딩,고경림,,,,,노트북 + 프론트 온보딩 .,경림_확인 원격경림 원격온보딩
김규리,2026-08-21 09:00,원격 AS요청,김규리,네일은샵,4710802486,온보딩,심성현,,,,,포프(휴대폰) 온보딩 요청드립니다.,성현_확인 원격성현 원격솔라피발송 원격온보딩
김규리,2026-08-21 09:00,원격 AS요청,김규리,토스팃 (toasted),1020695713,온보딩,배선유,O,,,,포프(휴대폰) 온보딩 요청드립니다.,선유_확인 1차_부재 원격선유 원격온보딩
김규리,2026-08-21 10:00,원격 AS요청,김규리,피플앤플라워,2049198216,온보딩,고경림,,,,,"포프(휴대폰) 온보딩 요청드립니다. / 고령 / 메뉴 등록, 사용 방법 안내 부탁드립니다.",경림_확인 원격경림 원격온보딩
김봉수,2026-08-21 10:15,원격 AS요청,김봉수,베르노(VERNO),7305800816,AS,김현기,,,,,노트북 + 프론트 온보딩 .,현기_확인 원격as 원격현기
김규리,2026-08-21 10:30,원격 AS요청,김규리,미(美)그리다,2024263348,AS,김현기,,,,,포프(PC) + 유프 온보딩 요청드립니다.,현기_확인 원격현기 원격as
김규리,2026-08-21 10:30,원격 AS요청,김규리,다옴,1941103119,온보딩,김규빈,,,,,포프(휴대폰) 온보딩 요청드립니다.,규빈_확인2 원격규빈 원격온보딩
김규리,2026-08-21 12:00,원격 AS요청,김규리,다온레더,1291481242,AS,심성현,O,,,,포프(태블릿) + 유프 온보딩 요청드립니다.,성현_확인 1차_부재 원격성현 원격as
김봉수,2026-08-21 12:45,원격 AS요청,김봉수,이솝인테리어울산,7476300521,온보딩,배선유,,,,,컴퓨터/핸드폰 + 프론트,선유_확인 원격선유 원격온보딩
김규리,2026-08-21 13:00,원격 AS요청,김규리,화현(和鉉),1720102620,AS,배선유,O,,,,기존에 사용하던 영수증 프린터기와 연결 원하십니다. / 포프 설치는 완료,선유_확인 1차_부재 원격선유 원격as
김봉수,2026-08-21 13:00,원격 AS요청,김봉수,캥거루 반에반값 쇼핑,7765601063,AS,김동욱,,,,,영수증 선택출력이 아닌 자동출력 설정요청,동욱_확인 원격as 원격동욱 원격솔라피발송
김봉수,2026-08-21 13:45,원격 AS요청,김봉수,오에뜨(OETTE),4041294396,AS,서상원,,,,,포프(휴대폰) + 유프 온보딩 요청드립니다.,원격상원 원격as
김봉수,2026-08-21 14:00,원격 AS요청,김봉수,광주X스포츠운동센터,2145001340,온보딩,고경림,,,,,컴퓨터 + 프론트 온보딩,경림_확인 원격경림 원격온보딩
김규리,2026-08-21 14:00,원격 AS요청,김규리,더콤마,8790603346,AS,고경림,,,,,포프(PC) + 유프 온보딩 요청드립니다.,경림_확인 원격경림 원격as
김규리,2026-08-21 14:15,원격 AS요청,김규리,수정마켓,1642901930,AS,최민석,,,,,포프(휴대폰) 온보딩 요청드립니다.,민석확인 원격민석 원격as
김규리,2026-08-21 14:30,원격 AS요청,김규리,로즈마리에스테틱 구리역점,6766500790,AS,김현기,,,,,포프(노트북) 온보딩 요청드립니다.,현기_확인 원격as 원격현기
김봉수,2026-08-21 14:44,원격 AS요청,김봉수,씨제이(CJ)컨디션케어,3232902159,온보딩,최민석,O,,,,컴퓨터+프론트+프린터 온보딩 .,민석확인 원격민석 1차_부재 원격온보딩
김규리,2026-08-21 15:00,원격 AS요청,김규리,태성 인 하우스,8731303235,온보딩,고경림,,,,,포프(태블릿) + 유프 온보딩 요청드립니다.,경림_확인 원격경림 원격온보딩
김봉수,2026-08-21 16:00,원격 AS요청,김봉수,하이루트학원,5099509479,AS,김현기,,,,,테블릿+프론트 온보딩,현기_확인 원격현기 원격as
김규리,2026-08-21 16:00,원격 AS요청,김규리,라플레임(RAFLAME),7952002574,온보딩,김동욱,,,,,포프(맥북) 온보딩 요청드립니다.,동욱_확인 원격동욱 원격온보딩 원격솔라피발송
김규리,2026-08-21 16:30,원격 AS요청,김규리,팀영,5421600975,,배선유,,O,,,포프(휴대폰) + 유프 온보딩 요청드립니다.,선유_확인 1차_부재 2차_부재
김봉수,2026-08-21 18:00,원격 AS요청,김봉수,당비당,8741502795,AS,김현기,,,,,테블릿 세트 설치요청 (테블릿+프론트+프린터),현기_확인 로딩 원격현기 원격as
김봉수,2026-08-21 18:07,원격 AS요청,김봉수,원더팜(원더디저트),5606800235,온보딩,고경림,,,,,테블릿+프론트,경림_확인 원격경림 원격온보딩
김봉수,2026-08-21 18:45,원격 AS요청,김봉수,라파 두레촌,2164101704,온보딩,최민석,O,,,,노트북 + 프론트 + 프린터 온보딩,원격민석 민석확인 1차_부재 원격온보딩
김봉수,2026-08-21 19:00,원격 AS요청,김봉수,주식회사 하이클로딩,1598601284,AS,최민석,,,,,테블릿+프론트+프린터 온보딩,민석확인 원격민석 원격as
김규리,2026-08-21 19:00,원격 AS요청,김규리,마피아카페 건대1호점,8382302187,AS,최민석,,,,,포프(PC) + 유프 온보딩 요청드립니다.,민석확인 원격민석 원격as
김봉수,2026-08-21 19:45,원격 AS요청,김봉수,라이드윗미,7072901566,온보딩,최민석,,,,,PC + 프론트 온보딩,민석확인 원격민석 원격온보딩
김봉수,2026-08-21 19:45,원격 AS요청,김봉수,도화 플레르,6956800623,온보딩,최민석,,,,,노트북+프론트+프린터,민석확인 원격민석 원격온보딩
김규리,2026-08-21 20:00,원격 AS요청,김규리,이불하나,7396000820,온보딩,최민석,,,,,포프(노트북) + 유프 온보딩 요청드립니다.,긴급 민석확인 원격민석 원격온보딩
김봉수,2026-08-21 20:45,원격 AS요청,김봉수,카페프룻(cafe fruit),5540203696,AS,최민석,,,,,포스기+ 프론트,민석확인 원격민석 원격as
김봉수,2026-08-21 22:00,원격 AS요청,김봉수,플랜에이 스터디카페 김해삼계센터,8954301006,AS,최민석,,,,,노트북 + 프론트 온보딩,민석확인 원격민석 원격as
김봉수,2026-08-21 22:15,원격 AS요청,김봉수,계란품은덮밥 광진본점,1662602104,AS,최민석,O,,,,컴퓨터+프론트+프린터 온보딩,민석확인 원격민석 1차_부재 원격as
김봉수,2026-08-22 15:30,원격 AS요청,김봉수,나마스떼,1293757232,,,,,,O,핸드폰+프론트+프린터 온보딩 .,x
김봉수,2026-08-24 09:45,원격 AS요청,김봉수,파머드림,5455800784,AS,배선유,,,,,핸드폰 + 프론트 온보딩,선유_확인 원격선유 원격as
김봉수,2026-08-24 10:00,원격 AS요청,김봉수,주식회사 오버더문글로벌,8768803815,AS,김동욱,,,,,테블릿 + 프론트 온보딩,동욱_확인 원격동욱 원격as
김규리,2026-08-24 12:30,원격 AS요청,김규리,엘로(elo),3283201081,AS,송태양,,,,,"포프(휴대폰, PC) + 유프 온보딩 요청드립니다.",태양_확인_ 원격태양 원격as
김규리,2026-08-24 13:00,원격 AS요청,김규리,주식회사 남다른파크야,5098703484,AS,서상원,,,,,포프(PC) + 유프 온보딩 요청드립니다.,원격상원 원격as
김규리,2026-08-24 13:00,원격 AS요청,김규리,로아다 헤어(ROADA HAIR),1093551899,온보딩,배선유,,,,,포프(PC) 온보딩 요청드립니다.,선유_확인 원격선유 원격온보딩
김규리,2026-08-24 13:20,원격 AS요청,김규리,키키키 (Kikiki),4073501920,온보딩,고경림,,,,,포프(휴대폰) + 유프 온보딩 요청드립니다.,경림_확인 원격경림 원격온보딩
김봉수,2026-08-24 13:30,원격 AS요청,김봉수,플레이 카방(Play car bang),7194800426,AS,배선유,,,,,포스기 + 프론트+프린터,선유_확인 원격선유 원격as
김규리,2026-08-24 13:40,원격 AS요청,김규리,삼호맛집,2160973343,AS,서상원,,,,,포프(PC) + 유프 온보딩 요청드립니다.,원격상원 원격as
김규리,2026-08-24 14:00,원격 AS요청,김규리,봉선엘씨국어전문학원,4089129382,AS,배선유,,,,,포프(PC) + 유프 온보딩 요청드립니다.,선유_확인 원격선유 원격as
김규리,2026-08-24 15:00,원격 AS요청,김규리,포레스트,7641800735,온보딩,배선유,O,,,,포프 온보딩 요청드립니다.,선유_확인 1차_부재 원격선유 원격온보딩
김봉수,2026-08-24 15:18,원격 AS요청,김봉수,지엘에스굿모닝영어영문학박사학원,3649601885,온보딩,최민석,,,,,휴대폰+프론트+프린터 온보딩.,민석확인 원격민석 원격온보딩
김규리,2026-08-24 15:30,원격 AS요청,김규리,거담,7272601803,온보딩,심성현,,,,,포프(PC) 온보딩 요청드립니다.,성현_확인 원격성현 원격온보딩 원격솔라피발송
김봉수,2026-08-24 16:12,원격 AS요청,김봉수,라라클라라,2010853843,온보딩,배선유,,,,,아이패드 + 프론트 온보딩요청,선유_확인 원격선유 원격온보딩
김봉수,2026-08-24 16:25,원격 AS요청,김봉수,우등마켓,6186200736,온보딩,김동욱,O,,,,핸드폰 + 프론트  온보딩,동욱_확인 1차_부재 원격동욱 원격온보딩 원격솔라피발송
김규리,2026-08-24 16:30,원격 AS요청,김규리,박은성한양무용학원,5029294071,온보딩,배선유,O,,,,포프(휴대폰) + 유프 온보딩 요청드립니다.,선유_확인 1차_부재 원격선유 원격온보딩
김봉수,2026-08-24 17:29,원격 AS요청,김봉수,키즈닥터학원,8029700459,온보딩,고경림,,,,,PC + 프론트 온보딩,경림_확인 원격경림 원격온보딩
김규리,2026-08-24 17:30,원격 AS요청,김규리,콤마(COMMA),4092539423,AS,서상원,,,,,포프(휴대폰) 온보딩 요청드립니다. / 추후 노트북에도 연동 희망하십니다.,원격상원 원격as
김봉수,2026-08-24 18:45,원격 AS요청,김봉수,지비 크리에이티브 스튜디오(GB Creative Studio),3031569159,온보딩,심성현,,,,,노트북 +프론트 온보딩 .,성현_확인 원격성현 원격솔라피발송 원격온보딩
김규리,2026-08-24 19:00,원격 AS요청,김규리,리비에라 플라워,1819002502,온보딩,최민석,,,,,포프(노트북)+유프 온보딩 요청드립니다.,민석확인 원격민석 원격온보딩
김봉수,2026-08-25 09:00,원격 AS요청,김봉수,플래니크,7831802767,,,,,O,,터미널+프론트 온보딩 /  휴대용 NICE (NM-400)  연동요청 .,중복2
김봉수,2026-08-25 09:00,원격 AS요청,김봉수,플래니크,7831802767,온보딩,김현기,,,,,터미널+프론트 온보딩 /  휴대용 NICE (NM-400)  연동요청 .,현기_확인 원격현기 원격온보딩
김봉수,2026-08-25 10:45,원격 AS요청,김봉수,바이윤,3074600476,온보딩,송태양,,,,,컴퓨터 + 프론트+프린터,태양_확인_ 원격태양 원격온보딩 원격솔라피발송
김규리,2026-08-25 13:28,원격 AS요청,김규리,윤이프,4047500710,온보딩,배선유,,,,,포프 + 유프 온보딩 요청드립니다. / 결제 방법 전달 부탁드립니다.,선유_확인 원격선유 원격온보딩
김규리,2026-08-25 13:30,원격 AS요청,김규리,안녕피아노 음악학원,1189701275,온보딩,고경림,,,,,포프 (휴대폰) 온보딩 요청드립니다.,경림_확인 원격경림 원격온보딩
김규리,2026-08-25 13:45,원격 AS요청,김규리,우페카(Upekkha),2661103296,온보딩,심성현,,,,,포프(휴대폰) + 유프 온보딩 요청드립니다.,성현_확인 원격성현 원격온보딩 원격솔라피발송
김봉수,2026-08-25 13:45,원격 AS요청,김봉수,디랩코딩학원,3778604007,온보딩,배선유,,,,,PC+프론트+프린터,선유_확인 원격선유 원격온보딩
김규리,2026-08-25 14:00,원격 AS요청,김규리,테라피트니스,5670702873,온보딩,송태양,,,,,포프(태블릿) + 유프 온보딩 요청드립니다.,태양_확인_ 원격태양 원격온보딩 원격솔라피발송
김규리,2026-08-25 14:15,원격 AS요청,김규리,리리샵,7715100744,온보딩,김현기,,,,,포프(휴대폰) + 유프 온보딩 요청드립니다.,현기_확인 원격현기 원격온보딩
김봉수,2026-08-25 14:36,원격 AS요청,김봉수,파머드림,5455800784,온보딩,김동욱,,,,,핸드폰 + 프론트 온보딩,alert 동욱_확인 원격동욱 원격온보딩
김봉수,2026-08-25 14:45,원격 AS요청,김봉수,하이앤 헤어샵,8876900608,온보딩,송태양,,,,,핸드폰+프론트+프린터 온보딩.,태양_확인_ 원격태양 원격온보딩 원격솔라피발송
김규리,2026-08-25 14:45,원격 AS요청,김규리,필레아 커피 로스터스,8302801914,AS,김현기,,,,,포프 + 유프 온보딩 요청드립니다.,현기_확인 원격현기 원격as
김규리,2026-08-25 15:00,원격 AS요청,김규리,제이팬트리(JeleePantry),4829701778,온보딩,배선유,O,,,,포프(휴대폰) 온보딩 요청드립니다.,선유_확인 1차_부재 원격선유 원격온보딩
김규리,2026-08-25 15:09,원격 AS요청,김규리,미래엔영어수학 광주태성점,2899801633,AS,심성현,,,,,"엑셀 파일로 메뉴 등록 하려고 했더니 비밀번호 입력, 로그인 필요하다는 문구 뜬다고 하십니다. 확인 부탁드립니다. / 포프(컴퓨터) 온보딩은 완료 / 키오스크 모드 안내 필요",성현_확인 원격성현 원격as 원격솔라피발송
김규리,2026-08-25 15:34,원격 AS요청,김규리,경진드론,3715500765,AS,고경림,O,,,,"결제 방법, 메뉴 등록 전달 부탁드립니다. / 포프(휴대폰) 온보딩 완료",경림_확인 1차_부재 원격경림 원격as
김규리,2026-08-25 16:00,원격 AS요청,김규리,굽네치킨,2032950677,AS,심성현,,,,,포프 온보딩 요청드립니다. / 매장 포스기와 연결 희망하십니다.,성현_확인 원격성현 원격as
김규리,2026-08-25 16:15,원격 AS요청,김규리,산들크레,2030556700,AS,김동욱,O,,,,포프(태블릿) + 유프 온보딩 요청드립니다.,동욱_확인 1차_부재 원격동욱 원격as
김봉수,2026-08-25 16:45,원격 AS요청,김봉수,주식회사 모임공간,2668803508,온보딩,심성현,,,,,갤럭시핸드폰+프론트,성현_확인 원격성현 원격솔라피발송 원격온보딩
김봉수,2026-08-25 16:45,원격 AS요청,김봉수,137디자인,2931003044,온보딩,심성현,,,,,노트북 + 프론트 온보딩,성현_확인 원격성현 원격온보딩 원격솔라피발송
김봉수,2026-08-25 17:00,원격 AS요청,김봉수,나마스떼,1293757232,온보딩,김동욱,,,,,핸드폰+프론트+프린터 온보딩 .,동욱_확인 원격동욱 원격온보딩 원격솔라피발송
김봉수,2026-08-25 17:33,원격 AS요청,김봉수,신화 직화의 정석,3093001164,AS,고경림,,,,,포스기사양확인요청 . 토스포스 설치 가능여부확인요청,경림_확인 원격as 원격경림
김규리,2026-08-25 18:00,원격 AS요청,김규리,리더수학과학학원,1059775539,AS,김규빈,,,,,포프(휴대폰) + 유프 온보딩 요청드립니다.,규빈_확인2 원격규빈 원격as
김봉수,2026-08-25 18:01,원격 AS요청,김봉수,백호태권도,8829102150,AS,최민석,,,,,컴퓨터+프론트+프린터 온보딩 및 교육요청,민석확인 원격민석 원격as
김봉수,2026-08-25 18:15,원격 AS요청,김봉수,우아영,3592801604,온보딩,최민석,O,,,,컴퓨터+프론트 온보딩,민석확인 원격민석 1차_부재 원격온보딩
김규리,2026-08-25 19:00,원격 AS요청,김규리,이을,1120791216,온보딩,최민석,,,,,포프(태블릿) + 유프 온보딩 요청드립니다.,민석확인 원격민석 원격온보딩
김봉수,2026-08-25 20:45,원격 AS요청,김봉수,봄꽃에내린단비,1036700471,온보딩,최민석,,,,,노트북+프론트 + 프린터(보유중),민석확인 원격민석 원격온보딩
김봉수,2026-08-26 02:00,원격 AS요청,김봉수,에스앤아이팩토리（SniFactory）,1201246133,,,,,,O,아이패드/노트북+프론트 온보딩.,x
김봉수,2026-08-26 10:45,원격 AS요청,김봉수,아르케디자인,1464401124,AS,김현기,,,,,핸드폰+프론트 온보딩요청 .,현기_확인 원격as 원격현기
김봉수,2026-08-26 10:45,원격 AS요청,김봉수,미슬 중계클럽,2170956269,AS,배선유,,,,,PC/테블릿+프론트+프린터 온보딩,선유_확인 원격선유 원격as
김규리,2026-08-26 11:45,원격 AS요청,김규리,주식회사 오버더문글로벌,8768803815,온보딩,김현기,,,,,테블릿 + 프론트 온보딩 요청드립니다.,현기_확인 원격현기 원격온보딩
김규리,2026-08-26 13:00,원격 AS요청,김규리,헤릭스 오토모티브,3042107287,온보딩,배선유,,,,,포프(노트북) + 유프 온보딩 요청드립니다.,선유_확인 원격선유 원격온보딩
김규리,2026-08-26 13:15,원격 AS요청,김규리,이로엔 네일(iroen_nail),1727300629,AS,김동욱,O,,,,"사용 방법 아주 상세하게 설명 요청 / 유프 선 연결, 프론트 화면에 이벤트 문구 설정 등 / 이전에 원격 진행하여 온보딩 완료하였지만 사용 방법 관련하여 상세한 설명이 필요하다고 하십니다. 도움 부탁드립니다. :루",동욱_확인 1차_부재 원격as 원격동욱
김봉수,2026-08-26 13:45,원격 AS요청,김봉수,주식회사 한국민화학교,1458702409,,배선유,,,,,아이패드/노트북+프론트 온보딩.,선유_확인 원격선유
김규리,2026-08-26 13:58,원격 AS요청,김규리,영국유학닷컴,2200818207,온보딩,김현기,,,,,포프 (태블릿) 온보딩 요청드립니다. / 사용방법 안내도 부탁드립니다.,현기_확인 원격현기 원격온보딩
김봉수,2026-08-26 14:00,원격 AS요청,김봉수,토다,7883600676,온보딩,고경림,,,,,터미널+프론트 온보딩요청 .,경림_확인 원격경림 원격온보딩
김규리,2026-08-26 14:00,원격 AS요청,김규리,나나스베딩,1343143058,AS,배선유,,,,,"터프 온보딩 요청드립니다. / 포인트 기능 사용, 터미널에서 금액 입력 결제 사용 희망",선유_확인 원격선유 원격as
김봉수,2026-08-26 14:45,원격 AS요청,김봉수,주희네수산,4019613735,AS,김동욱,,,,,테블릿세트 온보딩 (테블릿+프론트+프린터),동욱_확인 원격동욱 원격as
최승훈,2026-08-26 14:45,원격 AS요청,최승훈,해듦 심리 상담센터,3179302140,온보딩,심성현,,,,,포프(태블릿) 온보딩 요청,성현_확인 원격성현 원격온보딩 원격솔라피발송
김봉수,2026-08-26 14:45,원격 AS요청,김봉수,더글로우네일,7896400880,AS,송태양,,,,,컴퓨터+프론트+프린터 온보딩요청,태양_확인_ 원격태양 원격as
김규리,2026-08-26 14:59,원격 AS요청,김규리,필레아 커피 로스터스,8302801914,온보딩,최민석,,,,,오픈 일정이 다가왔지만 매장 인터넷 없어서 핫스팟(아이폰) 연동 필요 / 포프  + 유프 온보딩 요청드립니다. / 핫스팟 켠 기기 (아이폰)에 토스 포스 설치 필요 안내하였습니다.,민석확인 원격민석 원격온보딩 원격솔라피발송
최승훈,2026-08-26 15:07,원격 AS요청,최승훈,더숲에스테틱,7070703558,온보딩,최민석,,,,,포프(노트북) 온보딩 요청드립니다,민석확인 원격민석 원격온보딩 원격솔라피발송
김규리,2026-08-26 15:15,원격 AS요청,김규리,로하국어논술,8349502222,,김현기,,O,,,포프(노트북) 온보딩 요청드립니다.,현기_확인 1차_부재 2차_부재
최승훈,2026-08-26 15:15,원격 AS요청,최승훈,아트미창의미술,8339201928,온보딩,서상원,,,,,포프(컴퓨터) 온보딩 요청드립니다,원격상원 원격온보딩
김규리,2026-08-26 15:30,원격 AS요청,김규리,소라(SORA)STUDIO,8122401830,AS,최민석,,,,,"포프 온보딩 요청드립니다. / 아이맥, 태블릿 연동 필요",민석확인 원격민석 원격as
최승훈,2026-08-26 15:30,원격 AS요청,최승훈,하지마루 갈비,4901602653,온보딩,최민석,,,,,프론트 + 포스기 + 유선프린터 + 무선프린터 온보딩 요청드립니다,민석확인 원격민석 원격온보딩
김규리,2026-08-26 15:45,원격 AS요청,김규리,김민경 필라테스,7144401214,온보딩,심성현,,,,,포프(휴대폰) + 유프 온보딩 요청드립니다.,성현_확인 원격성현 원격솔라피발송 원격온보딩
김봉수,2026-08-26 15:45,원격 AS요청,김봉수,디피 헤어스튜디오,4060254713,AS,서상원,,,,,노트북+프론트+프린터 온보딩,원격상원 원격as
최승훈,2026-08-26 16:00,원격 AS요청,최승훈,게새유情,3769501483,AS,심성현,,,,,포프(노트북) + 유프,성현_확인 원격성현 원격as
김규리,2026-08-26 16:00,원격 AS요청,김규리,새늘가드닝,3109072834,온보딩,심성현,,,,,터프 온보딩 요청드립니다. / 토스 포스 연동 필수 아닌 점 안내 받았지만 일단 토스 포스까지 연동해서 사용해보고 싶음. 인터넷 선으로 연결 희망,성현_확인 원격성현 원격온보딩 원격솔라피발송
최승훈,2026-08-26 16:00,원격 AS요청,최승훈,투코인 바버샵,8191101637,AS,고경림,,,,,포프(휴대폰) + 유프  온보딩 요청드립니다,경림_확인 원격경림 원격as
김규리,2026-08-26 16:15,원격 AS요청,김규리,온레브(ON REVE),2064192848,,심성현,,O,,,포프(태블릿) + 유프 온보딩 요청드립니다.,성현_확인 1차_부재 2차_부재
김봉수,2026-08-26 16:25,원격 AS요청,김봉수,비플러스,6121493916,온보딩,배선유,,,,,포프 + 유프 + 기존 매장 포스기 온보딩 요청드립니다.,선유_확인 원격선유 원격온보딩
김규리,2026-08-26 16:30,원격 AS요청,김규리,조부자 매운순대가 홍천점,6040795934,온보딩,심성현,,,,,"포프 + 유프 온보딩 요청드립니다. / 매장 포스기, 매장 휴대폰에 연동 희망",성현_확인 원격성현 원격온보딩 원격솔라피발송
김규리,2026-08-26 16:51,원격 AS요청,김규리,더 창작(THE CHANGJAK),8644301400,AS,김기범,,,,,결제 취소 진행 중 '취소 진행 중' 문구에서 더 이상 진행되지 않는다고 하십니다. 확인 부탁드립니다.,기범 원격기범 원격as 원격솔라피발송
김규리,2026-08-26 17:00,원격 AS요청,김규리,니트러브,1283678649,온보딩,심성현,,,,,포프(휴대폰) 온보딩 요청드립니다.,성현_확인 원격성현 원격온보딩 원격솔라피발송
최승훈,2026-08-26 17:15,원격 AS요청,최승훈,피크닉 마나올라나,7410701166,AS,김규빈,,,,,"포프(PC) + 유프 온보딩 요청드립니다, 포스기는 나중에 PC에서 태블릿으로 교체한다고합니다",규빈_확인2 원격규빈 원격as
김규리,2026-08-26 17:49,원격 AS요청,김규리,김해공유오피스온잇스페이스,8578603372,AS,김규빈,,,,,할부 결제 방법 안내 부탁드립니다.,규빈_확인2 원격규빈 원격as
최승훈,2026-08-26 18:00,원격 AS요청,최승훈,브루베어(Brew Bear),8836100634,온보딩,김규빈,,,,,포프(태블릿) + 유프 온보딩 요청드립니다,규빈_확인2 원격규빈 원격온보딩
최승훈,2026-08-26 18:45,원격 AS요청,최승훈,리주 필라테스 스튜디오,3280103858,온보딩,김규빈,,,,,포프(노트북) + 유프 온보딩 요청드립니다,규빈_확인2 원격규빈 원격온보딩
김봉수,2026-08-26 21:00,원격 AS요청,김봉수,봄날,2642202375,온보딩,최민석,,,,,핸드폰+프론트 핫스팟 온보딩 요청,민석확인 원격민석 원격온보딩
김봉수,2026-08-27 09:45,원격 AS요청,김봉수,비비(B&B) 에스테틱,7533301358,AS,배선유,,,,,노트북 + 프론트+프린터 온보딩 .,선유_확인 원격선유 원격as
김규리,2026-08-27 10:00,원격 AS요청,김규리,오땡큐,2073207793,AS,배선유,,,,,태블릿 세트 + 금전함 온보딩 요청드립니다.,선유_확인 원격선유 원격as
최승훈,2026-08-27 10:15,원격 AS요청,최승훈,네일바운더리,8942702069,AS,배선유,,,,,포프(태블릿) + 유프 온보딩 요청드립니다,선유_확인 원격선유 원격as
최승훈,2026-08-27 10:40,원격 AS요청,최승훈,아르모니아,8270703513,온보딩,배선유,,,,,포프(태블릿) 유프 온보딩 요청드립니다,선유_확인 원격선유 원격온보딩
최승훈,2026-08-27 10:45,원격 AS요청,최승훈,한진 광택 디테일샵,1123366623,,,,,O,O,포프(태블릿) 온보딩 요청드립니다,x 중복2
김봉수,2026-08-27 11:00,원격 AS요청,김봉수,재미있는역사미술,2289303631,온보딩,심성현,,,,,핸드폰 + 프론트 + 프린터.,성현_확인 원격성현 원격온보딩 원격솔라피발송
김규리,2026-08-27 11:00,원격 AS요청,김규리,한양식,2464301295,온보딩,송태양,O,,,,매장 포스기 (OK 포스) + 프론트 + 유프 온보딩 요청드립니다.,태양_확인_ 1차_부재 원격태양 원격온보딩
김봉수,2026-08-27 11:45,원격 AS요청,김봉수,온레브(ON REVE),2064192848,AS,고경림,,,,,포프(태블릿) + 유프 온보딩 요청드립니다.,경림_확인 원격경림 원격as
최승훈,2026-08-27 12:30,원격 AS요청,최승훈,보떼드숑,2354600695,AS,고경림,,,,,포프(태블릿) 온보딩 요청드립니다,경림_확인 원격경림 원격as
최승훈,2026-08-27 12:45,원격 AS요청,최승훈,건어물하우스,1560300342,온보딩,배선유,,,,,포프(태블릿) 온보딩 요청드립니다,선유_확인 원격선유 원격온보딩
최승훈,2026-08-27 12:45,원격 AS요청,최승훈,비바플레르,5989301361,온보딩,고경림,,,,,포프(노트북) 온보딩 요청드립니다,경림_확인 원격경림 원격온보딩
최승훈,2026-08-27 12:45,원격 AS요청,최승훈,네일다이아,1293720472,온보딩,김규빈,,,,,포프(휴대폰) 온보딩 요청드립니다,규빈_확인2 원격규빈 원격온보딩
최승훈,2026-08-27 13:15,원격 AS요청,최승훈,미라인 스킨케어,3481103259,온보딩,고경림,,,,,포프(휴대폰) + 유프 온보딩 요청드립니다,경림_확인 원격경림 원격온보딩
최승훈,2026-08-27 13:19,원격 AS요청,최승훈,카라얀음악학원,5079100998,AS,배선유,,,,,포프(노트북) + 유프 온보딩 요청드립니다,선유_확인 원격선유 원격as
김규리,2026-08-27 13:32,원격 AS요청,김규리,크레산도,7180204095,AS,배선유,,,,,프론트 전원선 연결하였지만 전원 들어오지 않는다고 합니다. 확인 부탁드립니다. / 전원 버튼 눌렀지만 반응 X,선유_확인 원격선유 원격as
김규리,2026-08-27 13:45,원격 AS요청,김규리,스미다,2950902536,온보딩,배선유,,,,,매장 포스기와 포프+유프 자가 설치 진행한 후 결제 시도하였지만 잘 되지 않았다고 하십니다. 연결 잘 완료 되었는지 확인 부탁드립니다.,선유_확인 원격선유 원격온보딩
김규리,2026-08-27 14:00,원격 AS요청,김규리,원데이프루츠,1451802698,AS,김동욱,,,,,"프론트 연결하니 매장 인수 받았던 가게 상호명이 뜬다고 하십니다. 확인 부탁드립니다. / 이전에 포론트, 포스, cpp-3000, 금전함 원격 설치 진행하셨음",동욱_확인 원격동욱 원격as
최승훈,2026-08-27 14:00,원격 AS요청,최승훈,권 워치 리페어,5271900190,온보딩,심성현,O,,,,포프(pc) + 유프 온보딩 요청드립니다,성현_확인 1차_부재 원격성현 원격온보딩 원격솔라피발송
최승훈,2026-08-27 14:15,원격 AS요청,최승훈,어썸블 헤어,6287900371,온보딩,고경림,,,,,포프(pc) 온보딩 요청드립니다,경림_확인 원격경림 원격온보딩
최승훈,2026-08-27 14:15,원격 AS요청,최승훈,신성광고,5051457233,AS,고경림,,,,,포프(pc) + 유프 온보딩 요청드립니다,경림_확인 원격경림 원격as
김봉수,2026-08-27 14:45,원격 AS요청,김봉수,터틀베이글(Turtle Bagel),7780803275,온보딩,배선유,O,,,,테블릿+프론트+프린트 온보딩,선유_확인 1차_부재 원격선유 원격온보딩
최승훈,2026-08-27 14:45,원격 AS요청,최승훈,바르다필라테스,3950301548,온보딩,최민석,,,,,포프(노트북) 온보딩 요청드립니다,민석확인 원격민석 원격온보딩
최승훈,2026-08-27 15:00,원격 AS요청,최승훈,리투샵,1650702094,,,,,,O,포프(pc) 온보딩 요청드립니다,x
김봉수,2026-08-27 15:15,원격 AS요청,김봉수,로하국어논술,8349502222,AS,송태양,,,,,포프(노트북) 온보딩 요청드립니다.,태양_확인_ 원격태양 원격as
최승훈,2026-08-27 15:45,원격 AS요청,최승훈,대치써밋학원,1139627685,온보딩,고경림,O,,,,포프(노트북) 온보딩 요청드립니다,경림_확인 1차_부재 원격경림 원격온보딩
최승훈,2026-08-27 15:45,원격 AS요청,최승훈,그레이스리 뷰티라인,1040772770,온보딩,심성현,,,,,포프(태블릿) 온보딩 요청드립니다,성현_확인 원격성현 원격온보딩 원격솔라피발송
김규리,2026-08-27 15:48,원격 AS요청,김규리,국어의 문 안산 고잔 입시 학원,1999102311,온보딩,심성현,O,,,,포프(PC) + 유프 온보딩 요청드립니다. / 유프 - 프론트 연결 케이블이 없는 것 같다고 하십니다. 확인 부탁드립니다.,성현_확인 1차_부재 원격성현 원격솔라피발송 원격온보딩
최승훈,2026-08-27 16:00,원격 AS요청,최승훈,"다움,뷰티",7952701555,온보딩,송태양,,,,,포프(휴대폰) 온보딩 요청드립니다,태양_확인_ 원격태양 원격온보딩
최승훈,2026-08-27 16:00,원격 AS요청,최승훈,하우스무이,2821702568,AS,송태양,O,,,,포프(노트북) + 유프 온보딩요청드립니다,태양_확인_ 1차_부재 원격태양 원격as
김규리,2026-08-27 16:00,원격 AS요청,김규리,아마데우스 피아노,1249157035,AS,김기범,,,,,"학원이지만 프론트에 '주문하기' 버튼 뜬다고 하십니다. (변경 방법 참고해서 진행 & 프론트 종료, 시작했지만 적용 X) / 유프+포프 자가설치 하셨는데 확인 부탁드립니다. / 결제 방법, 금액 입력 모드 설정, 결",기범 원격as 원격기범
김규리,2026-08-27 16:01,원격 AS요청,김규리,온율,3411103224,AS,심성현,,,,,포프(노트북) 온보딩 요청드립니다. / 연결 과정에서 계속 '프론트와 연결이 끊어졌다'는 문구가 뜬다고 하십니다.,성현_확인 원격성현 원격as 원격솔라피발송
최승훈,2026-08-27 16:15,원격 AS요청,최승훈,슈필스트링학원,1879301900,AS,김현기,,,,,포프(노트북) 온보딩 요청드립니다,현기_확인 원격현기 원격as
최승훈,2026-08-27 16:19,원격 AS요청,최승훈,씨와이엘(CYL),3413901399,AS,최민석,,,,,포프(노트북) 온보딩 요청드립니다,민석확인 원격민석 원격as
김봉수,2026-08-27 16:22,원격 AS요청,김봉수,베지플레이트(Vege Plate),7233500750,AS,김현기,,,,,"포스기 사양확인요청 .  (기존포스기 6년가량되어 , 토스포스 설치 불가능할듯함 방문설치 요청하는 업체로 사양확인필요)",현기_확인 원격현기 원격as
김봉수,2026-08-27 16:37,원격 AS요청,김봉수,게새유情,3769501483,온보딩,최민석,,,,,"노트북에 토스포스 프로그램 설치함 . 배달연동 , 프린터연동 , 프로그램 기본결제방법 기능.",alert 민석확인 원격민석 원격온보딩
김규리,2026-08-27 17:57,원격 AS요청,김규리,크레산도,7180204095,AS,송태양,,,,,프론트가 자꾸 꺼진다고 하십니다. 확인 부탁드립니다. / 종이 영수증 출력 진행할 때 대표님 전화 번호 제외하고 출력할 수 있는지 문의하셨습니다.,태양_확인_ 원격as 원격태양
김규리,2026-08-27 18:00,원격 AS요청,김규리,르벨(LEBEL),7312302469,AS,최민석,,,,,포프 연동 PC와는 완료한 후 휴대폰까지 연동 진행하였으나 잘 되지 않는다고 하십니다. 확인 부탁드립니다.,민석확인 원격민석 원격as
최승훈,2026-08-27 18:10,원격 AS요청,최승훈,용인삼가해법수학학원,1099614750,온보딩,최민석,,,,,포프(노트북) + 유프 온보딩요청드립니다,민석확인 원격민석 원격온보딩
최승훈,2026-08-27 18:22,원격 AS요청,최승훈,힐스템 건강,1455101153,AS,최민석,,,,,포프(휴대폰/태블릿) 온보딩 요청드립니다,민석확인 원격민석 원격as
최승훈,2026-08-27 18:45,원격 AS요청,최승훈,조아,8367600331,온보딩,송태양,,,,,포프(pc) + 유프 온보딩 요청드립니다,태양_확인_ 원격태양 원격온보딩
김봉수,2026-08-27 19:45,원격 AS요청,김봉수,재이오드(jaee'.odd),5845800945,AS,최민석,,,,,태블릿(대표소유) + 프론트+ 프린터,민석확인 원격민석 원격as
김봉수,2026-08-27 19:45,원격 AS요청,김봉수,어포드,6624800853,온보딩,최민석,,,,,아이맥+프론트 온보딩요청 / BTR-1200N 설치요청 .,민석확인 원격민석 원격온보딩
최승훈,2026-08-27 20:00,원격 AS요청,최승훈,더끌림 미술학원,3899002668,온보딩,최민석,,,,,포프(pc) + 유프 온보딩요청드립니다,민석확인 원격민석 원격온보딩
김봉수,2026-08-27 21:00,원격 AS요청,김봉수,엉클잭 커피룸,3555301040,온보딩,최민석,,,,,아이패드 + 프론트+프린터 온보딩,민석확인 원격민석 원격온보딩
최승훈,2026-08-27 22:45,원격 AS요청,최승훈,원더블 유소년,2069565456,온보딩,최민석,,,,,포프(PC) + 유프 온보딩 요쳥드립니다,민석확인 원격민석 원격온보딩
최승훈,2026-08-28 09:00,원격 AS요청,최승훈,리셋건강운동센터 전주점,3230303819,AS,김동욱,,,,,포프(pc) 온보딩 요청드립니다,동욱_확인 원격as 원격동욱
김규리,2026-08-28 09:30,원격 AS요청,김규리,다올콩나물국밥,4023041242,AS,김동욱,,,,,포프(태블릿) + 유프 자가 설치 했지만 프린터기 작동하지 않는다고 합니다. 호가인 부탁드립니다!,동욱_확인 원격as 원격동욱 원격솔라피발송
최승훈,2026-08-28 09:45,원격 AS요청,최승훈,필라테스오브(Pilates_Aube),2033501823,온보딩,김동욱,O,,,,포프(휴대폰) 온보딩요청드립니다,동욱_확인 1차_부재 원격동욱 원격온보딩 원격솔라피발송
최승훈,2026-08-28 09:45,원격 AS요청,최승훈,국대찜닭 유천점,3670502911,온보딩,김동욱,,,,,포프(컴퓨터) + 유프 온보딩 요청드립니다. 본인 휴대폰 연동도 원합니다,동욱_확인 원격동욱 원격온보딩 원격솔라피발송
최승훈,2026-08-28 10:00,원격 AS요청,최승훈,리소울(re_soul),4964901136,온보딩,김규빈,,,,,포프(pc) + 유프 온보딩요청드립니다,규빈_확인2 원격규빈 원격온보딩
최승훈,2026-08-28 10:15,원격 AS요청,최승훈,네일공주,1662801486,AS,고경림,,,,,포프(노트북) + 유프 온보딩요청드립니다,경림_확인 원격as 원격경림
최승훈,2026-08-28 10:45,원격 AS요청,최승훈,아름아시아마트,5453002134,AS,김동욱,,,,,터프(토스포스사용X) 온보딩 요청드립니다,동욱_확인 원격동욱 원격as
최승훈,2026-08-28 10:45,원격 AS요청,최승훈,청담예슬,1145301115,AS,심성현,,,,,포프(노트북/태블릿) + 유프 온보딩요청드립니다,성현_확인 원격성현 원격as
김봉수,2026-08-28 11:00,원격 AS요청,김봉수,토스트 엔 커피하우스,3952701559,AS,송태양,,,,,보유중인 포스기 사양확인요청,태양_확인_ 원격태양 원격as
최승훈,2026-08-28 11:15,원격 AS요청,최승훈,원이메이드,8730500117,AS,김동욱,,,,,포프(휴대폰) + 유프 온보딩요청드립니다,동욱_확인 원격as 원격동욱
김봉수,2026-08-28 11:43,원격 AS요청,김봉수,스킨단단,5201102997,온보딩,김규빈,,,,,컴퓨터/핸드폰 +프론트+프린터,규빈_확인2 원격규빈 원격온보딩
김봉수,2026-08-28 12:27,원격 AS요청,김봉수,,,,,,,,,,
김봉수,2026-08-28 12:45,원격 AS요청,김봉수,휴데이,5911100803,AS,고경림,,,,,테블릿(대표님소유) + 프론트  온보딩,경림_확인 원격as 원격경림
김규리,2026-08-28 13:00,원격 AS요청,김규리,수정마켓,1642901930,AS,배선유,,,,,"사용 방법 (메뉴 등록, 결제 등) 안내 부탁드립니다. / 고령 / 자가 설치 하셔서 포프(휴대폰) 연결 되었는지 확인 부탁드립니다.",선유_확인 원격선유 원격as
김규리,2026-08-28 13:25,원격 AS요청,김규리,우만동족발집 율전점,4260203542,AS,서상원,,,,,매장 포스기 + 프론트 온보딩 요청드립니다. / 유프는 반품 예정 / 휴대폰과 연동도 원하십니다.,원격상원 원격as
김규리,2026-08-28 13:32,원격 AS요청,김규리,생극정원 카페,5834300763,온보딩,김기범,,,,,매장 포스기 + 프론트 + 유프 온보딩 요청드립니다. / 매장에 있는 금전함 연결까지 원하십니다.,기범 원격기범 원격온보딩
최승훈,2026-08-28 13:45,원격 AS요청,최승훈,오제 (Oje),1964401283,AS,고경림,,,,,포프(태블릿) 온보딩 요청드립니다,경림_확인 원격경림 원격as
김봉수,2026-08-28 13:45,원격 AS요청,김봉수,강아집(Gang-A.zip),6861802883,온보딩,고경림,O,,,,아이폰 + 프론트+프린터 온보딩 .,경림_확인 1차_부재 원격경림 원격온보딩
최승훈,2026-08-28 13:45,원격 AS요청,최승훈,스트릿 에딧 서울,8306001078,,고경림,,O,,,포프(노트북) 온보딩요청드립니다,경림_확인 1차_부재 2차_부재
김규리,2026-08-28 14:00,원격 AS요청,김규리,도그캣 미니수니,1823800794,AS,심성현,,,,,포프(PC) 온보딩 요청드립니다.,성현_확인 원격성현 원격as
최승훈,2026-08-28 14:00,원격 AS요청,최승훈,올바른학원,5099509450,온보딩,배선유,,,,,포프(태블릿) 온보딩 요청드립니다,선유_확인 원격선유 원격온보딩
김규리,2026-08-28 14:15,원격 AS요청,김규리,댄디쿠 스튜디오,3921101544,AS,서상원,,,,,가이드 참고하였지만 프론트 배경 화면 설정이 되지 않는다고 하십니다. 확인 부탁드립니다.,원격상원 원격as
최승훈,2026-08-28 14:15,원격 AS요청,최승훈,여름섬,2099345101,AS,최민석,O,,,,포프(휴대폰) 온보딩 요청드립니다,민석확인 원격민석 1차_부재 원격as
최승훈,2026-08-28 14:15,원격 AS요청,최승훈,히데루헤어샵,5021887298,온보딩,심성현,,,,,포프(pc) + 유프 온보딩 요청드립니다,성현_확인 원격성현 원격솔라피발송 원격온보딩
최승훈,2026-08-28 14:15,원격 AS요청,최승훈,호매실더올림수학교습소,1249522155,,심성현,,O,,,포프(PC) 온보딩 요청드립니다,성현_확인 1차_부재 2차_부재
김규리,2026-08-28 14:22,원격 AS요청,김규리,엘리영어학원,2179544470,AS,김현기,,,,,토스 포스로 할인 적용했지만 키오스크 모드의 상품들은 할인이 적용되지 않는다고 하십니다. 확인 부탁드립니다 :루피_감사:,현기_확인 원격현기 원격as
최승훈,2026-08-28 14:30,원격 AS요청,최승훈,정가담 기정떡 군산점,7983501559,AS,최민석,,,,,포프(pc) + 유프 온보딩요청드립니다,민석확인 원격민석 원격as
김규리,2026-08-28 14:30,원격 AS요청,김규리,태웅3체육관,6229200163,AS,최민석,,,,,포프(컴퓨터) + 유프 온보딩 요청드립니다.,민석확인 원격민석 원격as
김봉수,2026-08-28 14:37,원격 AS요청,,정품전자담배 제원점,7420103864,AS,김동욱,O,,,,• <https://w1659946222-hxm266180.slack.com/archives/C090D94718E/p1787889596709599|코세스 - 토스포스 알리위챗 불가>,동욱_확인 1차_부재 원격as 원격동욱
김봉수,2026-08-28 14:37,원격 AS요청,,위베이프 문화점,6122493481,AS,김동욱,,,,,• <https://w1659946222-hxm266180.slack.com/archives/C090D94718E/p1787889596709599|코세스 - 토스포스 알리위챗 불가>,동욱_확인 원격동욱 원격as
김봉수,2026-08-28 14:37,원격 AS요청,,정품전자담배 신라면세점점,3972402290,AS,김동욱,,,,,• <https://w1659946222-hxm266180.slack.com/archives/C090D94718E/p1787889596709599|코세스 - 토스포스 알리위챗 불가>,동욱_확인 원격동욱 원격as
최승훈,2026-08-28 14:45,원격 AS요청,최승훈,스튜디오 매곡 49,1742601921,AS,고경림,,,,,포프(노트북) 온보딩 요청드립니다,경림_확인 원격경림 원격as
최승훈,2026-08-28 14:45,원격 AS요청,최승훈,한상한판,4745401182,AS,고경림,,,,,포프(태블릿) + 유프 온보딩 요청드립니다,경림_확인 원격경림 원격as
최승훈,2026-08-28 15:00,원격 AS요청,최승훈,에스엠 올리브,5590900688,온보딩,배선유,,,,,프론트 + 터프 온보딩요청드립니다,선유_확인 원격선유 원격온보딩
김규리,2026-08-28 15:00,원격 AS요청,김규리,쁘램요가 구미점,3064161403,,배선유,,O,,,포프(Pc)온보딩 요청드립니다.,선유_확인 1차_부재 2차_부재
최승훈,2026-08-28 15:00,원격 AS요청,최승훈,코코 디저트 카페,5523601644,AS,서상원,,,,,포프(노트북) + 유프 온보딩요청드립니다,원격상원 원격as
최승훈,2026-08-28 15:03,원격 AS요청,최승훈,리즈(Liz),4130870732,온보딩,고경림,,,,,포프(pc) + 유프 온보딩요청드립니다,경림_확인 로딩 원격경림 원격온보딩
최승훈,2026-08-28 15:15,원격 AS요청,최승훈,마스터리(Master .Lee) 유도멀티짐,6609200127,온보딩,최민석,,,,,포프(pc) + 유프 온보딩요청드립니다,민석확인 원격민석 원격온보딩
최승훈,2026-08-28 15:45,원격 AS요청,최승훈,스튜디오 백지,7311502687,AS,배선유,,,,,포프(태블릿) + 유프 온보딩요청드립니다,선유_확인 원격선유 원격as
최승훈,2026-08-28 15:58,원격 AS요청,최승훈,한국공인금거래소 분당판교점,8911802035,온보딩,서상원,,,,,포프(pc) + 유프 온보딩요청드립니다,원격상원 원격온보딩
김봉수,2026-08-28 16:00,원격 AS요청,김봉수,요츠바,6045601074,온보딩,고경림,,,,,노트북+프론트+프린터 온보딩,경림_확인 로딩 원격경림 원격온보딩
최승훈,2026-08-28 16:00,원격 AS요청,최승훈,세무회계 화진,2612502299,온보딩,김현기,,,,,포프(노트북) + 유프 온보딩요청드립니다,현기_확인 원격현기 원격온보딩
최승훈,2026-08-28 16:30,원격 AS요청,최승훈,점핑이지,1735700980,온보딩,서상원,,,,,포프(pc) + 유프 온보딩요청드립니다,원격상원 원격온보딩
최승훈,2026-08-28 16:30,원격 AS요청,최승훈,루모스어학원,1229162906,AS,서상원,,,,,포프(pc) 온보딩 요청드립니다,원격상원 원격as
김봉수,2026-08-28 16:45,원격 AS요청,김봉수,데미엘 명품,7402002157,,,,O,,,노트북 + 프론트 온보딩,1차_부재 2차_부재
김규리,2026-08-28 17:00,원격 AS요청,김규리,원당클라이영어페르마수학CPS문해력센터학원,1379158495,온보딩,김기범,,,,,유프 연결 확인 부탁드립니다. / 맞는 케이블이 없다고 하십니다. / 포프는 연결 완료,기범 원격기범 원격온보딩
최승훈,2026-08-28 17:00,원격 AS요청,최승훈,그림아트스튜디오미술교습소 단양원,6739502234,온보딩,서상원,,,,,포프(노트북) 온보딩 요청드립니다,원격상원 원격온보딩
최승훈,2026-08-28 17:06,원격 AS요청,최승훈,뉴딧,8691001896,AS,고경림,,,,,포프 + 터미널 온보딩 요청드립니다,경림_확인 원격경림 원격as
김규리,2026-08-28 18:00,원격 AS요청,김규리,힐스템 건강,1455101153,온보딩,심성현,,,,,포프(태블릿) 온보딩 요청드립니다.,성현_확인 원격성현 원격솔라피발송 원격온보딩
김봉수,2026-08-28 18:30,원격 AS요청,김봉수,백림(baeklim),2230993731,온보딩,김규빈,,,,,테블릿+프론트+프린터,규빈_확인2 원격규빈 원격온보딩
김봉수,2026-08-28 18:45,원격 AS요청,김봉수,미슬 중계클럽,2170956269,AS,고경림,O,,,,PC/테블릿+프론트+프린터 온보딩,경림_확인 1차_부재 원격as 원격경림
최승훈,2026-08-28 19:00,원격 AS요청,최승훈,티엔케이(T&K)행정사사무소,8456700629,온보딩,최민석,,,,,포프(노트북) + 유프 온보딩 요청드립니다,민석확인 원격민석 원격온보딩
최승훈,2026-08-28 19:30,원격 AS요청,최승훈,청명 푸드,8372002316,온보딩,최민석,,,,,포프(노트북) + 유프 온보딩요청드립니다,긴급 민석확인 원격민석 원격온보딩
김봉수,2026-08-28 19:45,원격 AS요청,김봉수,봉이네왕족발,4436700141,AS,최민석,,,,,토스포스 설치 가능여부 확인요청,민석확인 원격민석 원격as
김봉수,2026-08-28 20:00,원격 AS요청,김봉수,이브,6214601202,온보딩,최민석,,,,,테블릿[대표소유]+프론트+프린터온보딩,민석확인 원격민석 원격온보딩
김봉수,2026-08-28 20:45,원격 AS요청,김봉수,더웨이브컴퍼니(thewave company),4130440720,,최민석,,O,,,노트북+프론트+프린터  온보딩,민석확인 원격민석 1차_부재 2차_부재
김봉수,2026-08-28 21:00,원격 AS요청,김봉수,노무법인 바로,7688502678,온보딩,최민석,,,,,노트북+프론트 온보딩,민석확인 원격민석 원격온보딩
김규리,2026-08-29 12:00,원격 AS요청,김규리,(주)디에스라이팅,8212700613,AS,김규빈,,,,,터프 온보딩 요청드립니다. / 터프 2세트 / 연락 안 받으면  01099798296 로 연락 부탁,규빈_확인2 원격규빈 원격as
최승훈,2026-08-29 13:45,원격 AS요청,최승훈,에이치 바디케어 힐링센터,4060654384,,,,,,,포프(노트북) + 유프 온보딩 요청드립니다,주진_확인 원격주진
최승훈,2026-08-29 13:45,원격 AS요청,최승훈,비사이드(B-side),7670503309,온보딩,,,,,,포프(노트북) 온보딩 요청드립니다,주진_확인 원격주진 원격온보딩
김규리,2026-08-29 14:00,원격 AS요청,김규리,리치팝,6441501287,AS,김규빈,,,,,핸드폰 + 프론트 + 프린터 + 당사라우터 + 공유기 온보딩 요청 / 고령 / 상품 사진 등록 등 사용 방법 안내 부탁드립니다!,규빈_확인2 원격규빈 원격as
최승훈,2026-08-29 14:45,원격 AS요청,최승훈,라온엘헤어,7751402851,온보딩,,,,,,포프(pc) + 유프 온보딩요청드립니다,주진_확인 원격주진 원격온보딩
최승훈,2026-08-31 09:00,원격 AS요청,최승훈,곧을정 필라테스,2072793693,온보딩,고경림,,,,,포프(pc) + 유프 온보딩요청드립니다,경림_확인 원격경림 원격온보딩
최승훈,2026-08-31 09:00,원격 AS요청,최승훈,메리차밍,2042789360,AS,배선유,O,,,,포프(태블릿) + 유프 온보딩 요청드립니다,선유_확인 1차_부재 원격선유 원격as
김규리,2026-08-31 09:00,원격 AS요청,김규리,바로종합학원,5099130538,AS,심성현,O,,,,포프(휴대폰) 온보딩 요청드립니다. / 학원에서 편하게 사용할 수 있는 방법에 관련하여 자세한 안내 원하십니다.,성현_확인 1차_부재 원격성현 원격as
최승훈,2026-08-31 09:45,원격 AS요청,최승훈,드쉬,6481600424,AS,고경림,,,,,포프(노트북) + 유프 온보딩 요청드립니다,경림_확인 원격as 원격경림
최승훈,2026-08-31 10:00,원격 AS요청,최승훈,핑크몬스터,5101594450,온보딩,고경림,,,,,포프(휴대폰) + 유프 온보딩요청드립니다,경림_확인 원격경림 원격온보딩
김규리,2026-08-31 10:00,원격 AS요청,김규리,봄봄언어인지발달센터,3139716596,AS,심성현,,,,,포프(휴대폰) + 유프 온보딩 요청드립니다.,성현_확인 원격성현 원격as
최승훈,2026-08-31 10:00,원격 AS요청,최승훈,디자인박스,4090567732,온보딩,김규빈,,,,,포프(휴대폰) 온보딩요청드립니다,규빈_확인2 원격규빈 원격온보딩
김규리,2026-08-31 10:30,원격 AS요청,김규리,고미소리음악학원,3179067399,AS,심성현,O,,,,"포프(태블릿) + 유프 온보딩 요청드립니다. / 출결 관리, 원생 관리 기능 사용 방법 문의 하셨습니다!",성현_확인 1차_부재 원격성현 원격as
최승훈,2026-08-31 10:30,원격 AS요청,최승훈,도로시헤어,6071032980,AS,배선유,,,,,포프(노트북) + 유프 온보딩 요청드립니다,선유_확인 원격선유 원격as
김규리,2026-08-31 11:11,원격 AS요청,김규리,가츠라,5090520338,온보딩,고경림,,,,,"포프(휴대폰) 온보딩, 사용 방법 안내 요청드립니다.",경림_확인 원격경림 원격온보딩
최승훈,2026-08-31 12:45,원격 AS요청,최승훈,로바(LOVA),7471502912,AS,김규빈,,,,,포프(노트북) 온보딩요청드립니다,규빈_확인2 원격규빈 원격as
최승훈,2026-08-31 13:00,원격 AS요청,최승훈,루크아카데미학원,8139500362,AS,서상원,,,,,포프(PC) + 유프 온보딩 요청드립니다,원격상원 원격as
최승훈,2026-08-31 13:30,원격 AS요청,최승훈,보령태권도체육관,3139069717,AS,배선유,,,,,포프(pc) 온보딩요청드립니다,선유_확인 원격선유 원격as
김규리,2026-08-31 13:42,원격 AS요청,김규리,휴데이,5911100803,AS,김현기,,,,,사용 방법 관련하여 자세하게 설명 요청드립니다! / 금액 입력 결제 방법 안내 필요 / 포프 온보딩은 완료,현기_확인 원격현기 원격as
최승훈,2026-08-31 13:45,원격 AS요청,최승훈,은담뷰티,3456300795,온보딩,고경림,,,,,포프(노트북) + 유프 온보딩요청드립니다,경림_확인 원격경림 원격온보딩
최승훈,2026-08-31 13:45,원격 AS요청,최승훈,온유모먼트(ON YOU MOMENT),2104111918,AS,배선유,,,,,포프(노트북) + 유프 온보딩요청드립니다,선유_확인 원격선유 원격as
최승훈,2026-08-31 14:00,원격 AS요청,최승훈,디엘(D'EL)뷰티,7911003247,,고경림,,O,,,포프(노트북) 온보딩요청드립니다,경림_확인 1차_부재 2차_부재
김규리,2026-08-31 14:00,원격 AS요청,김규리,나우커피 주안행복점,1711103339,,배선유,,O,,,포프(휴대폰) 온보딩 및 사용 방법 (결제 방법 등) 안내 요청드립니다. / 매장이 두 개인데 포프 연결 과정에서 다른 매장도 뜬다고 하셨습니다.,선유_확인 1차_부재 2차_부재
최승훈,2026-08-31 14:00,원격 AS요청,최승훈,해피베어케이크,2852700253,온보딩,김현기,,,,,포프(갤) + 유프 온보딩요청드립니다,현기_확인 로딩 원격현기 원격온보딩
김규리,2026-08-31 14:15,원격 AS요청,김규리,공간인테리어,2075200503,AS,김현기,,,,,포프 온보딩 요청드립니다. / 고령 / 사용 방법 안내도 부탁드립니다.,현기_확인 원격현기 원격as
최승훈,2026-08-31 14:15,원격 AS요청,최승훈,위즐리 가든,6319101780,온보딩,고경림,,,,,포프(태블릿) 온보딩요청드립니,경림_확인 원격경림 원격온보딩
최승훈,2026-08-31 14:32,원격 AS요청,최승훈,다 필요 없어 고기만 시흥점,4106632141,AS,심성현,,,,,포프(기존포스기) + 유프 온보딩요청드립니다,성현_확인 원격성현 원격as 원격솔라피발송
최승훈,2026-08-31 14:45,원격 AS요청,최승훈,빠 루앙(pas loin),1892502264,AS,배선유,,,,,포프(노트북) + 유프 온보딩 요청드립니다,선유_확인 원격선유 원격as
최승훈,2026-08-31 14:45,원격 AS요청,최승훈,마노디코 헤어,6066521345,온보딩,김현기,,,,,포프(노트북) + 유프 온보딩요청드립니다,현기_확인 원격현기 원격온보딩
김규리,2026-08-31 14:45,원격 AS요청,김규리,목동이음수학학원,6199108895,AS,고경림,,,,,"포프(휴대폰) 자가설치 하셨으나 잘 되었는지 확인 필요 / 상품 등록, 결제 방법 안내 드렸으나 다른 기능들도 자세한 안내 필요 / 가이드 참고했지만 계속 막혀 답답함 토로 / 업종 학원으로 설정하였지만 '주문하기'",경림_확인 원격경림 원격as
최승훈,2026-08-31 15:00,원격 AS요청,최승훈,와일커피,5975001186,온보딩,배선유,,,,,포프(태블릿) + 유프 온보딩요청드립니다,선유_확인 원격선유 원격온보딩
최승훈,2026-08-31 15:00,원격 AS요청,최승훈,크루크루(CREWCREW),2032851252,AS,송태양,O,,,,포프(PC) 온보딩 요청드립니다,태양_확인_ 1차_부재 원격태양 원격as
김규리,2026-08-31 15:00,원격 AS요청,김규리,호랑마라,5195800806,AS,고경림,,,,,매장 포스기 + 프론트 + 유프 연결 요청하셨습니다. 확인 부탁드립니다.,경림_확인 원격경림 원격as
최승훈,2026-08-31 15:11,원격 AS요청,최승훈,몰캉랩,6387400733,온보딩,최민석,,,,,포프(휴대폰) 온보딩요청드립니다(지금 자가설치중인데 도움필요하다고 합니다),민석확인 원격민석 원격온보딩
최승훈,2026-08-31 15:15,원격 AS요청,최승훈,YIP 코딩학원,6499400556,AS,심성현,,,,,포프(휴대폰) + 유프 온보딩요청드립니다,성현_확인 원격성현 원격as
최승훈,2026-08-31 15:17,원격 AS요청,최승훈,블링블링,6592501707,AS,최민석,,,,,포프(기존포스기) 온보딩요청드립니다,민석확인 원격민석 원격as
최승훈,2026-08-31 15:30,원격 AS요청,최승훈,루미필라테스,1742202373,온보딩,서상원,,,,,포프(pc) 온보딩요청드립니다,원격상원 원격온보딩
최승훈,2026-08-31 15:30,원격 AS요청,최승훈,내신대장학원,6159856394,AS,서상원,,,,,포프(노트북) + 유프 온보딩요청드립니다,원격상원 원격as
최승훈,2026-08-31 15:30,원격 AS요청,최승훈,모메모 (MOMEMO),5220703262,온보딩,배선유,,,,,포프(휴대폰) 온보딩요청드립니다,선유_확인 원격선유 원격온보딩
김규리,2026-08-31 15:41,원격 AS요청,김규리,서하요가,8991902899,온보딩,김현기,,,,,"포프(휴대폰, 아이패드) 온보딩 요청드립니다. / 동일 와이파이 잡았지만 인식이 되지 않는다고 하십니다.",현기_확인 원격현기 원격온보딩
최승훈,2026-08-31 16:00,원격 AS요청,최승훈,코너스톤수학과학학원,1139201746,온보딩,고경림,,,,,포프(태블릿) + 유프 온보딩요청드립니다,경림_확인 원격경림 원격온보딩
김규리,2026-08-31 16:00,원격 AS요청,김규리,ASG 영어 수학 학원,1329266925,AS,김규빈,,,,,"휴대폰 온보딩 완료하였지만 노트북도 필요, 고객마다 금액을 설정해서 결제할 수 있는지 문의, 출결 기능 필요, 전자 영수증 발행할 때 하나하나 번호 입력해야하는지 문의",규빈_확인2 원격규빈 원격as
김규리,2026-08-31 16:29,원격 AS요청,김규리,주식회사 디자인네모,1958803526,온보딩,김규빈,,,,,포프(PC) 온보딩 요청드립니다.,규빈_확인2 원격규빈 원격온보딩
최승훈,2026-08-31 16:30,원격 AS요청,최승훈,미토바인주열,2782102440,AS,심성현,,,,,포프(태블릿) + 유프 온보딩요청드립니다,성현_확인 원격성현 원격as
최승훈,2026-08-31 16:30,원격 AS요청,최승훈,천하,1991002383,AS,고경림,,,,,포프(노트북) + 유프 온보딩요청드립니다,경림_확인 원격경림 원격as
김봉수,2026-08-31 16:45,원격 AS요청,김봉수,도시숲 미디어,6586700379,온보딩,고경림,,,,,태블릿+프론트+프린터 온보딩요청 (핫스팟 연동방법도 같이 부탁드려요 ),경림_확인 원격경림 원격온보딩
김규리,2026-08-31 16:51,원격 AS요청,김규리,에르스 플라워,8179301919,AS,고경림,,,,,포프(휴대폰) + 유프 온보딩 요청드립니다. / 프린터기 연결 케이블이 보이지 않는다고 하십니다.,경림_확인 원격경림 원격as
최승훈,2026-08-31 17:00,원격 AS요청,최승훈,태인 뷰티스튜디오(TEAIN beauty studio),8226800754,AS,송태양,,,,,포프(pc) + 유프 온보딩요청드립니다,태양_확인_ 원격태양 원격as
김봉수,2026-08-31 17:00,원격 AS요청,김봉수,순붕순붕,6762402325,AS,송태양,,,,,노트북 + 프론트 온보딩,태양_확인_ 원격as 원격태양
김규리,2026-08-31 17:25,원격 AS요청,김규리,옻칠리어 (Ottchilior),3421001877,AS,김규빈,,,,,포프(휴대폰) 온보딩 요청드립니다. / 동일 와이파이 연결했지만 연동 실패,규빈_확인2 원격규빈 원격as
최승훈,2026-08-31 17:30,원격 AS요청,최승훈,한우리 금광동 논술교습소,5999401833,온보딩,김규빈,,,,,포프(노트북) 온보딩요청드립니다,규빈_확인2 원격규빈 원격온보딩
최승훈,2026-08-31 17:45,원격 AS요청,최승훈,은플러스,2122258811,AS,배선유,,,,,포프(휴대폰) 온보딩요청드립니다,선유_확인 원격선유 원격as
최승훈,2026-08-31 18:00,원격 AS요청,최승훈,재주강귤,8037900287,AS,최민석,,,,,포프(pc) + 유프 온보딩요청드립니다,민석확인 원격민석 원격as
최승훈,2026-08-31 18:23,원격 AS요청,최승훈,소리샘음악학원,2169023818,온보딩,최민석,O,,,,포프(태블릿) + 유프 온보딩요청드립니다,민석확인 원격민석 1차_부재 원격온보딩
김봉수,2026-08-31 19:45,원격 AS요청,김봉수,엘라라 댄스스튜디오,2111765256,온보딩,최민석,,,,,노트북+프론트+프린터 온보딩요청 .,민석확인 원격민석 원격온보딩
최승훈,2026-08-31 20:15,원격 AS요청,최승훈,포트캔커피 인천석남점,8451402882,AS,최민석,,,,,포프(기존포스기) + 유프 온보딩요청드립니다,긴급 민석확인 원격민석 원격as
김봉수,2026-08-31 22:00,원격 AS요청,김봉수,레이닷스튜디오,4431602773,온보딩,최민석,,,,,컴퓨터+프론트+프린터 온보딩요청,민석확인 원격민석 원격온보딩